event_id,detected_at,severity,anomaly_score,trigger_conditions,affected_topics,neg_ratio,mention_velocity,evidence_post_ids
ce_61921dba9e02,2025-11-05 08:00:00,HIGH,0.495096,"[""isolation_forest"", ""global_spike_z5.12""]",[],0.714286,2.0,"[""4959869"", ""4960249""]"
ce_7ca33197a09e,2025-11-06 12:00:00,HIGH,0.31617,"[""global_spike_z2.02"", ""per_post_spike""]",[],0.727273,4.0,"[""4960519""]"
ce_6e15a6d5f5ac,2025-11-06 13:00:00,LOW,0.234159,"[""isolation_forest"", ""per_post_spike""]",[],1.0,1.0,"[""4960519""]"
ce_8b188e46b85c,2025-11-10 08:00:00,HIGH,0.308706,"[""global_spike_z3.41"", ""per_post_spike""]",[],0.6,2.0,"[""4962102""]"
ce_56df365b7677,2025-11-10 09:00:00,HIGH,0.324086,"[""global_spike_z2.19"", ""per_post_spike""]",[],0.818182,2.0,"[""4962102""]"
ce_206e1c43e1ae,2025-11-12 03:00:00,LOW,0.241755,"[""global_spike_z2.93"", ""per_post_spike""]",[],0.571429,1.0,"[""4962791""]"
ce_25f78d15019d,2025-11-12 04:00:00,HIGH,0.373492,"[""global_spike_z3.09"", ""per_post_spike""]",[],0.8,1.0,"[""4962791""]"
ce_02ba8749020b,2025-11-12 05:00:00,HIGH,0.430357,"[""global_spike_z3.22"", ""per_post_spike""]",[],0.8125,3.0,"[""4962791""]"
ce_c5745367e1a2,2025-11-13 03:00:00,MEDIUM,0.286656,"[""global_spike_z2.68"", ""per_post_spike""]",[],0.571429,4.0,"[""4963272""]"
ce_7966bf4a9f93,2025-11-13 09:00:00,LOW,0.230488,"[""isolation_forest"", ""per_post_spike""]",[],1.0,1.0,"[""4963274""]"
ce_67a2aa60a852,2025-11-16 17:00:00,LOW,0.234587,"[""isolation_forest"", ""per_post_spike""]",[],1.0,1.0,"[""4964528""]"
ce_aab1042be4a5,2025-11-16 18:00:00,LOW,0.233924,"[""isolation_forest"", ""per_post_spike""]",[],1.0,1.0,"[""4964528""]"
ce_40893f55954a,2025-11-16 22:00:00,LOW,0.23293,"[""isolation_forest"", ""per_post_spike""]",[],1.0,1.0,"[""4964528""]"
ce_635a9a5634be,2025-11-17 00:00:00,LOW,0.232289,"[""isolation_forest"", ""per_post_spike""]",[],1.0,1.0,"[""4964528""]"
ce_c90a8acc5823,2025-11-17 04:00:00,LOW,0.230938,"[""isolation_forest"", ""per_post_spike""]",[],1.0,1.0,"[""4964528""]"
ce_eea751a19923,2025-11-17 05:00:00,LOW,0.230239,"[""isolation_forest"", ""per_post_spike""]",[],1.0,1.0,"[""4964528""]"
ce_295e942e86f7,2025-11-19 23:00:00,LOW,0.230938,"[""isolation_forest"", ""per_post_spike""]",[],1.0,1.0,"[""4965918""]"
ce_7a24a34dd002,2025-11-20 03:00:00,LOW,0.231184,"[""isolation_forest"", ""per_post_spike""]",[],1.0,1.0,"[""4965918""]"
ce_4d5392ca40c7,2025-11-23 20:00:00,LOW,0.231144,"[""isolation_forest"", ""per_post_spike""]",[],1.0,1.0,"[""4978563""]"
ce_94bb9eea8e4d,2025-11-23 23:00:00,LOW,0.231246,"[""isolation_forest"", ""per_post_spike""]",[],1.0,1.0,"[""4978563""]"
ce_64aa6bcec02c,2025-11-24 01:00:00,LOW,0.230396,"[""isolation_forest"", ""per_post_spike""]",[],1.0,1.0,"[""4978563""]"
ce_32e76afcb0cf,2025-11-24 06:00:00,LOW,0.233157,"[""isolation_forest"", ""per_post_spike""]",[],1.0,1.0,"[""4978563""]"
ce_9159cb0e8f4b,2025-11-24 08:00:00,LOW,0.232295,"[""isolation_forest"", ""per_post_spike""]",[],1.0,1.0,"[""4978563""]"
ce_292045b72f42,2025-11-24 10:00:00,LOW,0.23174,"[""global_spike_z2.04"", ""per_post_spike""]",[],0.6,4.0,"[""4985579"", ""4965918"", ""4970797""]"
ce_f4659ee9eb59,2025-11-26 07:00:00,LOW,0.23188,"[""global_spike_z2.13"", ""per_post_spike""]",[],0.666667,2.0,"[""4986332""]"
ce_57a919ea39f5,2025-11-26 09:00:00,LOW,0.228282,"[""isolation_forest"", ""per_post_spike""]",[],1.0,1.0,"[""4986332""]"
ce_1e04e756700d,2025-11-27 00:00:00,LOW,0.226692,"[""isolation_forest"", ""per_post_spike""]",[],1.0,1.0,"[""4985963""]"
ce_794fae6eee1b,2025-11-27 02:00:00,LOW,0.213927,"[""global_spike_z2.08"", ""per_post_spike""]",[],0.666667,1.0,"[""4985963""]"
ce_a1811b50343e,2025-11-27 03:00:00,HIGH,0.436608,"[""global_spike_z3.07"", ""per_post_spike""]",[],0.916667,2.0,"[""4985963""]"
ce_edf81eaad828,2025-11-27 07:00:00,LOW,0.2263,"[""isolation_forest"", ""per_post_spike""]",[],1.0,1.0,"[""4985963""]"
ce_4872216c4653,2025-11-28 17:00:00,LOW,0.227998,"[""isolation_forest"", ""per_post_spike""]",[],1.0,1.0,"[""4987378""]"
ce_f14edc183172,2025-11-28 18:00:00,LOW,0.227309,"[""isolation_forest"", ""per_post_spike""]",[],1.0,1.0,"[""4987378""]"
ce_958b68f392e0,2025-11-28 20:00:00,LOW,0.226639,"[""isolation_forest"", ""per_post_spike""]",[],1.0,1.0,"[""4987378""]"
ce_182dedb8b714,2025-11-28 21:00:00,LOW,0.226639,"[""isolation_forest"", ""per_post_spike""]",[],1.0,1.0,"[""4987378""]"
ce_fa43eb34dd7f,2025-11-28 22:00:00,LOW,0.226639,"[""isolation_forest"", ""per_post_spike""]",[],1.0,1.0,"[""4987378""]"
ce_8575d305e202,2025-11-29 00:00:00,HIGH,0.394728,"[""global_spike_z2.81"", ""per_post_spike""]",[],0.833333,3.0,"[""4987378""]"
ce_417cdb1fa979,2025-11-29 03:00:00,LOW,0.227813,"[""isolation_forest"", ""per_post_spike""]",[],1.0,1.0,"[""4987378""]"
ce_9c1c0cfe89b4,2025-11-29 05:00:00,LOW,0.227005,"[""isolation_forest"", ""per_post_spike""]",[],1.0,1.0,"[""4987378""]"
ce_8e409569463c,2025-11-29 06:00:00,LOW,0.22639,"[""isolation_forest"", ""per_post_spike""]",[],1.0,1.0,"[""4987378""]"
ce_b3fc5dc62776,2025-11-29 10:00:00,LOW,0.224235,"[""isolation_forest"", ""per_post_spike""]",[],1.0,1.0,"[""4987378""]"
ce_65d7aa2a5338,2025-11-29 11:00:00,LOW,0.224235,"[""isolation_forest"", ""per_post_spike""]",[],1.0,1.0,"[""4987378""]"
ce_2bf620e7b354,2025-11-29 12:00:00,LOW,0.224235,"[""isolation_forest"", ""per_post_spike""]",[],1.0,1.0,"[""4987378""]"
ce_28080181f99b,2025-11-29 13:00:00,LOW,0.224235,"[""isolation_forest"", ""per_post_spike""]",[],1.0,1.0,"[""4987378""]"
ce_ba254bf26cae,2025-11-29 14:00:00,LOW,0.22339,"[""isolation_forest"", ""per_post_spike""]",[],1.0,1.0,"[""4987378""]"
ce_32f721f0c5f8,2025-11-29 15:00:00,LOW,0.222835,"[""isolation_forest"", ""per_post_spike""]",[],1.0,1.0,"[""4987378""]"
ce_d53a2dfd58d0,2025-11-29 16:00:00,LOW,0.222008,"[""isolation_forest"", ""per_post_spike""]",[],1.0,1.0,"[""4987378""]"
ce_e2cda0477009,2025-11-30 02:00:00,HIGH,0.363867,"[""global_spike_z2.93"", ""per_post_spike""]",[],0.769231,3.0,"[""4987757""]"
ce_f4e4d2738801,2025-11-30 12:00:00,LOW,0.222689,"[""isolation_forest"", ""per_post_spike""]",[],1.0,1.0,"[""4987757""]"
ce_9ac62ae70999,2025-11-30 13:00:00,LOW,0.221837,"[""isolation_forest"", ""per_post_spike""]",[],1.0,1.0,"[""4987757""]"
ce_2165a0f4eb83,2025-12-02 16:00:00,LOW,0.221814,"[""isolation_forest"", ""per_post_spike""]",[],1.0,1.0,"[""4988682""]"
ce_a5b8ddbef63f,2025-12-05 12:00:00,LOW,0.225356,"[""isolation_forest"", ""per_post_spike""]",[],1.0,1.0,"[""4989952""]"
ce_99dde175b57f,2025-12-05 14:00:00,LOW,0.224815,"[""isolation_forest"", ""per_post_spike""]",[],1.0,1.0,"[""4989952""]"
ce_1a5814e64a78,2025-12-16 01:00:00,HIGH,0.425086,"[""isolation_forest"", ""global_spike_z6.08""]",[],0.565217,2.0,"[""4993912""]"
ce_059414b96516,2025-12-28 07:00:00,LOW,0.23014,"[""isolation_forest"", ""per_post_spike""]",[],1.0,1.0,"[""4999113""]"
ce_b064b3e88c5d,2026-01-13 06:00:00,LOW,0.218038,"[""global_spike_z2.08"", ""per_post_spike""]",[],0.625,2.0,"[""5005079""]"
ce_872e73e1e33e,2026-01-16 06:00:00,HIGH,0.503684,"[""isolation_forest"", ""global_spike_z10.32""]",[],0.622222,4.0,"[""4987757"", ""5005913""]"
ce_8b0fea1c57f8,2026-01-17 03:00:00,HIGH,0.298652,"[""global_spike_z2.36"", ""per_post_spike""]",[],0.692308,3.0,"[""5006647"", ""5004801""]"
ce_08fbb9cbf949,2026-01-17 10:00:00,LOW,0.231639,"[""isolation_forest"", ""per_post_spike""]",[],1.0,1.0,"[""5006647""]"
ce_884b8b2c5bd0,2026-01-20 01:00:00,HIGH,0.34216,"[""isolation_forest"", ""per_post_spike""]",[],0.75,6.0,"[""4987757"", ""5006492"", ""5007218""]"
ce_54a92536ceae,2026-01-20 02:00:00,HIGH,0.446581,"[""isolation_forest"", ""global_spike_z2.34"", ""per_post_spike""]",[],0.928571,5.0,"[""5007218"", ""4987757""]"
ce_bed3fc76d43e,2026-01-20 13:00:00,LOW,0.238082,"[""isolation_forest"", ""per_post_spike""]",[],1.0,1.0,"[""5007218""]"
ce_2fc788f5c41c,2026-01-21 06:00:00,LOW,0.237723,"[""isolation_forest"", ""per_post_spike""]",[],1.0,1.0,"[""5007989""]"
ce_2f4f63b158b3,2026-01-21 09:00:00,LOW,0.236945,"[""isolation_forest"", ""per_post_spike""]",[],1.0,1.0,"[""5007989""]"
ce_16deb5293682,2026-01-22 01:00:00,HIGH,0.434611,"[""isolation_forest"", ""global_spike_z3.47"", ""per_post_spike""]",[],0.7,7.0,"[""5008105"", ""5007989""]"
ce_ae7db9a3aad0,2026-01-22 02:00:00,HIGH,0.497108,"[""isolation_forest"", ""global_spike_z5.77"", ""per_post_spike""]",[],0.647059,5.0,"[""5008105""]"
ce_d7b3e1492a26,2026-01-22 03:00:00,HIGH,0.491922,"[""isolation_forest"", ""global_spike_z6.94"", ""per_post_spike""]",[],0.638298,5.0,"[""5008105"", ""5007989""]"
ce_475b393ce829,2026-01-22 06:00:00,HIGH,0.420938,"[""global_spike_z3.92"", ""per_post_spike""]",[],0.69697,4.0,"[""5008105"", ""5008582""]"
ce_02b8baf1ff08,2026-01-22 07:00:00,HIGH,0.329905,"[""global_spike_z3.10"", ""per_post_spike""]",[],0.571429,7.0,"[""5008582"", ""5008105""]"
ce_6ec7964556b9,2026-01-23 22:00:00,LOW,0.244466,"[""isolation_forest"", ""per_post_spike""]",[],1.0,1.0,"[""5008749""]"
ce_93fb7ec6bbf6,2026-01-24 11:00:00,LOW,0.244255,"[""isolation_forest"", ""per_post_spike""]",[],1.0,1.0,"[""5008749""]"
ce_47c12f606b67,2026-01-25 19:00:00,MEDIUM,0.248383,"[""isolation_forest"", ""per_post_spike""]",[],1.0,1.0,"[""5009752""]"
ce_d2d8aec08e13,2026-01-26 08:00:00,MEDIUM,0.251486,"[""isolation_forest"", ""per_post_spike""]",[],1.0,2.0,"[""5009752""]"
ce_2a9cf9870669,2026-01-27 03:00:00,MEDIUM,0.26127,"[""isolation_forest"", ""per_post_spike""]",[],1.0,3.0,"[""5009752"", ""5010181"", ""5010231""]"
ce_b21ee137471e,2026-01-27 05:00:00,MEDIUM,0.253012,"[""isolation_forest"", ""per_post_spike""]",[],1.0,1.0,"[""5010181""]"
ce_189cc78abb1a,2026-01-27 12:00:00,MEDIUM,0.250976,"[""isolation_forest"", ""per_post_spike""]",[],1.0,2.0,"[""5009207"", ""5010181""]"
ce_c7d10cb7d066,2026-01-27 16:00:00,MEDIUM,0.248817,"[""isolation_forest"", ""per_post_spike""]",[],1.0,1.0,"[""5010181""]"
ce_13afc993a4f4,2026-01-27 23:00:00,MEDIUM,0.247672,"[""isolation_forest"", ""per_post_spike""]",[],1.0,1.0,"[""5010468""]"
ce_de1dc88b7cb0,2026-01-29 23:00:00,MEDIUM,0.247322,"[""isolation_forest"", ""per_post_spike""]",[],1.0,1.0,"[""5011658""]"
ce_6add1a87e674,2026-01-30 11:00:00,MEDIUM,0.25195,"[""isolation_forest"", ""per_post_spike""]",[],1.0,2.0,"[""5010468"", ""5011658""]"
ce_16ae8df2ade9,2026-02-01 15:00:00,MEDIUM,0.24847,"[""isolation_forest"", ""per_post_spike""]",[],1.0,1.0,"[""5012490""]"
ce_d6996d478513,2026-02-04 14:00:00,HIGH,0.431628,"[""global_spike_z3.61"", ""per_post_spike""]",[],0.692308,5.0,"[""5013729"", ""5014092""]"
ce_359a72a6b523,2026-02-04 15:00:00,HIGH,0.312128,"[""global_spike_z2.77"", ""per_post_spike""]",[],0.636364,4.0,"[""5013729"", ""5014092""]"
ce_807b8daf28c4,2026-02-04 18:00:00,LOW,0.244118,"[""isolation_forest"", ""per_post_spike""]",[],1.0,1.0,"[""5014092""]"
ce_d84e6f1afa5c,2026-02-06 23:00:00,LOW,0.246837,"[""isolation_forest"", ""per_post_spike""]",[],1.0,1.0,"[""5015125""]"
ce_516a55f5a39f,2026-02-07 06:00:00,HIGH,0.292163,"[""isolation_forest"", ""per_post_spike""]",[],0.714286,6.0,"[""5015125"", ""5012490"", ""5013729""]"
ce_5b39b476b151,2026-02-07 16:00:00,HIGH,0.29686,"[""global_spike_z2.19"", ""per_post_spike""]",[],0.666667,5.0,"[""5015269""]"
ce_d40721568249,2026-02-08 01:00:00,HIGH,0.420324,"[""global_spike_z2.94"", ""per_post_spike""]",[],0.818182,4.0,"[""5015550""]"
ce_09597bff310c,2026-02-08 08:00:00,LOW,0.246312,"[""isolation_forest"", ""per_post_spike""]",[],1.0,1.0,"[""5015550""]"
ce_16e4a68024c2,2026-02-08 11:00:00,LOW,0.245228,"[""isolation_forest"", ""per_post_spike""]",[],1.0,1.0,"[""5015550""]"
ce_491d41bea811,2026-02-08 12:00:00,LOW,0.244204,"[""isolation_forest"", ""per_post_spike""]",[],1.0,1.0,"[""5015550""]"
ce_9e6e0094e599,2026-02-09 15:00:00,LOW,0.240586,"[""isolation_forest"", ""per_post_spike""]",[],1.0,1.0,"[""5019887""]"
ce_9a16bccb52a8,2026-02-10 07:00:00,HIGH,0.48039,"[""isolation_forest"", ""global_spike_z2.60"", ""per_post_spike""]",[],0.9,7.0,"[""5015768"", ""5019887"", ""5015125""]"
ce_644a47f27abd,2026-02-10 09:00:00,LOW,0.238062,"[""isolation_forest"", ""per_post_spike""]",[],1.0,1.0,"[""5019887""]"
ce_6c2d773cd7b8,2026-02-15 04:00:00,HIGH,0.3864,"[""global_spike_z3.93"", ""per_post_spike""]",[],0.642857,4.0,"[""5041465""]"
ce_e91014e972be,2026-02-15 05:00:00,HIGH,0.32966,"[""global_spike_z3.40"", ""per_post_spike""]",[],0.615385,4.0,"[""5041465""]"
ce_d8c7aa413b8d,2026-02-15 07:00:00,HIGH,0.314647,"[""global_spike_z3.53"", ""per_post_spike""]",[],0.6,3.0,"[""5041465""]"
ce_cc828525fac6,2026-02-15 09:00:00,MEDIUM,0.264814,"[""global_spike_z3.05"", ""per_post_spike""]",[],0.571429,3.0,"[""5041491"", ""5041465""]"
ce_82812b7546f6,2026-02-15 10:00:00,HIGH,0.3032,"[""global_spike_z2.38"", ""per_post_spike""]",[],0.75,3.0,"[""5041491"", ""5041465""]"
ce_d0abbb780504,2026-02-15 11:00:00,HIGH,0.418464,"[""global_spike_z4.26"", ""per_post_spike""]",[],0.684211,3.0,"[""5041491""]"
ce_8708149bbeac,2026-02-15 14:00:00,LOW,0.233353,"[""isolation_forest"", ""per_post_spike""]",[],1.0,1.0,"[""5041491""]"
ce_3a1e11849c22,2026-02-16 04:00:00,HIGH,0.29961,"[""global_spike_z2.09"", ""per_post_spike""]",[],0.75,4.0,"[""5041453"", ""5039915""]"
ce_c658242adb85,2026-02-16 05:00:00,HIGH,0.416219,"[""global_spike_z2.57"", ""per_post_spike""]",[],0.928571,3.0,"[""5039915"", ""5041379"", ""5041453""]"
ce_9d60bad3364f,2026-02-16 15:00:00,LOW,0.235591,"[""isolation_forest"", ""per_post_spike""]",[],1.0,1.0,"[""5041453""]"
ce_b41ec730f633,2026-02-16 17:00:00,LOW,0.236661,"[""isolation_forest"", ""per_post_spike""]",[],1.0,1.0,"[""5041453""]"
ce_68824fe1d55d,2026-02-16 19:00:00,LOW,0.237532,"[""isolation_forest"", ""per_post_spike""]",[],1.0,1.0,"[""5041453""]"
ce_79c76e6f2977,2026-02-17 06:00:00,LOW,0.236447,"[""isolation_forest"", ""per_post_spike""]",[],1.0,1.0,"[""5041453""]"
ce_690150823f50,2026-02-19 07:00:00,LOW,0.243257,"[""isolation_forest"", ""per_post_spike""]",[],1.0,1.0,"[""5042220""]"
ce_d6a6e0aaa78b,2026-02-19 13:00:00,LOW,0.243356,"[""isolation_forest"", ""per_post_spike""]",[],1.0,1.0,"[""5042220""]"
ce_5b06d9744099,2026-02-22 03:00:00,HIGH,0.352485,"[""global_spike_z2.14"", ""per_post_spike""]",[],0.769231,6.0,"[""5042655""]"
ce_75b258ab3677,2026-02-22 23:00:00,LOW,0.24032,"[""isolation_forest"", ""per_post_spike""]",[],1.0,2.0,"[""5042655"", ""5042751""]"
ce_f5f2c4719d61,2026-02-23 07:00:00,LOW,0.238887,"[""isolation_forest"", ""per_post_spike""]",[],1.0,1.0,"[""5042655""]"
ce_799c0f642c56,2026-02-23 14:00:00,LOW,0.237857,"[""isolation_forest"", ""per_post_spike""]",[],1.0,1.0,"[""5042655""]"
ce_7f42847d0357,2026-02-24 06:00:00,HIGH,0.362875,"[""global_spike_z2.48"", ""per_post_spike""]",[],0.785714,5.0,"[""5043390""]"
ce_fc3295bfb911,2026-02-24 07:00:00,HIGH,0.390037,"[""global_spike_z4.15"", ""per_post_spike""]",[],0.619048,4.0,"[""5043390"", ""5041256"", ""5043370""]"
ce_e310803aa038,2026-02-24 08:00:00,HIGH,0.492267,"[""global_spike_z4.20"", ""per_post_spike""]",[],0.772727,5.0,"[""5043390"", ""5042655"", ""5043370""]"
ce_77f2726f95f8,2026-02-24 09:00:00,HIGH,0.426431,"[""global_spike_z3.47"", ""per_post_spike""]",[],0.789474,4.0,"[""5043390"", ""5043453""]"
ce_d508a62b8814,2026-02-24 10:00:00,HIGH,0.329705,"[""global_spike_z2.45"", ""per_post_spike""]",[],0.733333,5.0,"[""5043390"", ""5043370"", ""5043453""]"
ce_d2d28df5b332,2026-02-25 04:00:00,HIGH,0.294852,"[""global_spike_z2.19"", ""per_post_spike""]",[],0.714286,5.0,"[""5043390"", ""5043858""]"
ce_32660d3d901a,2026-02-25 18:00:00,LOW,0.233342,"[""isolation_forest"", ""per_post_spike""]",[],1.0,1.0,"[""5043764""]"
ce_7d77c8cf67f5,2026-02-26 00:00:00,HIGH,0.427129,"[""global_spike_z3.86"", ""per_post_spike""]",[],0.772727,3.0,"[""5043764"", ""5044150""]"
ce_fead7a0d7dab,2026-02-26 01:00:00,HIGH,0.519887,"[""isolation_forest"", ""global_spike_z7.15"", ""per_post_spike""]",[],0.697674,6.0,"[""5043764"", ""5044150"", ""5043756""]"
ce_2a6870003f33,2026-02-26 03:00:00,HIGH,0.348496,"[""global_spike_z3.25"", ""per_post_spike""]",[],0.666667,5.0,"[""5043764"", ""5043756""]"
ce_35b57571008b,2026-02-26 14:00:00,LOW,0.238826,"[""isolation_forest"", ""per_post_spike""]",[],1.0,1.0,"[""5043764""]"
ce_c98a3c58af2d,2026-02-26 15:00:00,LOW,0.238826,"[""isolation_forest"", ""per_post_spike""]",[],1.0,2.0,"[""5042878"", ""5043764""]"
ce_2c274772d8ae,2026-02-28 15:00:00,HIGH,0.329744,"[""isolation_forest"", ""per_post_spike""]",[],0.9375,1.0,"[""5043024""]"
ce_309c7742edb5,2026-02-28 21:00:00,LOW,0.239473,"[""isolation_forest"", ""per_post_spike""]",[],1.0,1.0,"[""5043024""]"
ce_2a7a2ed81751,2026-03-01 09:00:00,LOW,0.242232,"[""isolation_forest"", ""per_post_spike""]",[],1.0,2.0,"[""5043024"", ""5044900""]"
ce_7228eb3f307e,2026-03-02 03:00:00,HIGH,0.53324,"[""isolation_forest"", ""global_spike_z5.01"", ""per_post_spike""]",[],0.780488,4.0,"[""5043024"", ""5045417"", ""5045305""]"
ce_b23ded7c4e5d,2026-03-04 13:00:00,MEDIUM,0.253915,"[""isolation_forest"", ""per_post_spike""]",[],1.0,3.0,"[""5040195"", ""5043024"", ""5046331""]"
ce_908b7c228cb5,2026-03-06 06:00:00,MEDIUM,0.25771,"[""isolation_forest"", ""per_post_spike""]",[],1.0,1.0,"[""5046758""]"
ce_ae31443c38ee,2026-03-08 08:00:00,LOW,0.11191,"[""isolation_forest"", ""per_post_spike""]",[],0.75,1.0,"[""5047807""]"
ce_6692a6bc0e7a,2026-03-08 23:00:00,MEDIUM,0.25784,"[""isolation_forest"", ""per_post_spike""]",[],1.0,2.0,"[""5047807""]"
ce_eebc6c97ff32,2026-03-09 12:00:00,MEDIUM,0.255234,"[""isolation_forest"", ""per_post_spike""]",[],1.0,1.0,"[""5047807""]"
ce_1878dc3b23ae,2026-03-10 01:00:00,MEDIUM,0.269341,"[""isolation_forest"", ""per_post_spike""]",[],1.0,4.0,"[""5048036"", ""5048293"", ""5048367""]"
ce_215e2c91c85f,2026-03-10 08:00:00,MEDIUM,0.252037,"[""isolation_forest"", ""per_post_spike""]",[],1.0,1.0,"[""5048367""]"
ce_879261ffa980,2026-03-10 09:00:00,MEDIUM,0.250988,"[""isolation_forest"", ""per_post_spike""]",[],1.0,2.0,"[""5048367""]"
ce_e32bb7a678b0,2026-03-10 11:00:00,MEDIUM,0.250119,"[""isolation_forest"", ""per_post_spike""]",[],1.0,2.0,"[""5046758"", ""5048367""]"
ce_3bd0afb1a249,2026-03-11 16:00:00,MEDIUM,0.269802,"[""isolation_forest"", ""per_post_spike""]",[],1.0,4.0,"[""5046924"", ""5046047"", ""5048879""]"
ce_1960d7762e71,2026-03-12 22:00:00,MEDIUM,0.252545,"[""isolation_forest"", ""per_post_spike""]",[],1.0,1.0,"[""5048774""]"
ce_8a908d3361c1,2026-03-12 23:00:00,MEDIUM,0.251429,"[""isolation_forest"", ""per_post_spike""]",[],1.0,2.0,"[""5048774"", ""5049438""]"
ce_42151d7d0082,2026-03-13 11:00:00,MEDIUM,0.274563,"[""global_spike_z2.28"", ""per_post_spike""]",[],0.666667,4.0,"[""5048774"", ""5049927"", ""5050112""]"
ce_91ee17d8e2b7,2026-03-13 12:00:00,HIGH,0.345372,"[""global_spike_z3.29"", ""per_post_spike""]",[],0.6,6.0,"[""5050112"", ""5048774""]"
ce_8b250cd6dc89,2026-03-14 00:00:00,MEDIUM,0.251198,"[""isolation_forest"", ""per_post_spike""]",[],1.0,1.0,"[""5049698""]"
ce_99a370c4e90d,2026-03-14 04:00:00,MEDIUM,0.250405,"[""isolation_forest"", ""per_post_spike""]",[],1.0,1.0,"[""5049698""]"
ce_53e584b2b00b,2026-03-14 10:00:00,MEDIUM,0.250101,"[""isolation_forest"", ""per_post_spike""]",[],1.0,1.0,"[""5049698""]"
ce_7927867ddd86,2026-03-17 01:00:00,MEDIUM,0.267801,"[""global_spike_z2.12"", ""per_post_spike""]",[],0.583333,7.0,"[""5050537"", ""5044214"", ""5050671""]"
ce_dab0aef49a94,2026-03-19 19:00:00,MEDIUM,0.25262,"[""isolation_forest"", ""per_post_spike""]",[],1.0,1.0,"[""5052003""]"
ce_9c506536442e,2026-03-20 04:00:00,MEDIUM,0.263645,"[""isolation_forest"", ""per_post_spike""]",[],1.0,3.0,"[""5051038"", ""5051652"", ""5052003""]"
ce_8d6f3911bcc8,2026-03-20 08:00:00,MEDIUM,0.251234,"[""isolation_forest"", ""per_post_spike""]",[],1.0,1.0,"[""5052003""]"
ce_fa6d8a6131df,2026-03-21 23:00:00,LOW,0.245235,"[""isolation_forest"", ""per_post_spike""]",[],1.0,1.0,"[""5053088""]"
ce_a25fa2e3aca8,2026-03-22 02:00:00,LOW,0.244081,"[""isolation_forest"", ""per_post_spike""]",[],1.0,1.0,"[""5053088""]"
ce_a5af160422e4,2026-03-22 03:00:00,LOW,0.242871,"[""isolation_forest"", ""per_post_spike""]",[],1.0,1.0,"[""5053088""]"
ce_60d1a82fe16b,2026-03-23 00:00:00,LOW,0.239277,"[""isolation_forest"", ""per_post_spike""]",[],1.0,1.0,"[""5053358""]"
ce_d3940324b521,2026-03-24 14:00:00,LOW,0.234124,"[""isolation_forest"", ""per_post_spike""]",[],1.0,1.0,"[""5054170""]"
ce_b58e76ad5a35,2026-03-25 12:00:00,LOW,0.232229,"[""isolation_forest"", ""per_post_spike""]",[],1.0,1.0,"[""5054547""]"
ce_908ab6952c5f,2026-03-27 05:00:00,MEDIUM,0.291805,"[""global_spike_z3.29"", ""per_post_spike""]",[],0.583333,3.0,"[""5055319""]"
ce_57c86183241d,2026-03-27 07:00:00,HIGH,0.30086,"[""global_spike_z2.85"", ""per_post_spike""]",[],0.636364,4.0,"[""5055319""]"
ce_ae81b9ef061e,2026-03-27 13:00:00,HIGH,0.514595,"[""isolation_forest"", ""global_spike_z3.13"", ""per_post_spike""]",[],1.0,4.0,"[""5054547"", ""5055319"", ""5055425""]"
ce_fbcb2ea4818e,2026-03-29 01:00:00,LOW,0.201124,"[""global_spike_z2.21"", ""per_post_spike""]",[],0.555556,3.0,"[""5055797""]"
ce_6261af3cea3b,2026-03-29 06:00:00,HIGH,0.32152,"[""global_spike_z2.65"", ""per_post_spike""]",[],0.727273,3.0,"[""5054547"", ""5055797""]"
ce_77ee1cae2b44,2026-03-29 11:00:00,HIGH,0.380232,"[""global_spike_z2.26"", ""per_post_spike""]",[],0.9,3.0,"[""5054547""]"
ce_1368dc0e3889,2026-03-29 22:00:00,LOW,0.228968,"[""isolation_forest"", ""per_post_spike""]",[],1.0,1.0,"[""5055655""]"
ce_e87e5fc0a59c,2026-03-30 03:00:00,HIGH,0.315993,"[""isolation_forest"", ""global_spike_z2.51"", ""per_post_spike""]",[],0.636364,6.0,"[""5056032"", ""5056026""]"
ce_7ae66f62f22b,2026-03-30 04:00:00,HIGH,0.339376,"[""global_spike_z2.75"", ""per_post_spike""]",[],0.75,3.0,"[""5055655""]"
ce_b8d1dbc43fb1,2026-03-30 05:00:00,HIGH,0.337054,"[""global_spike_z2.73"", ""per_post_spike""]",[],0.75,3.0,"[""5055655""]"
ce_430934081b52,2026-03-30 10:00:00,HIGH,0.373255,"[""global_spike_z3.20"", ""per_post_spike""]",[],0.714286,4.0,"[""5054547"", ""5056032"", ""5056430""]"
ce_9698c65ad1e9,2026-03-30 23:00:00,LOW,0.228292,"[""isolation_forest"", ""per_post_spike""]",[],1.0,1.0,"[""5056505""]"
ce_75df7b65f635,2026-03-31 00:00:00,HIGH,0.461512,"[""isolation_forest"", ""global_spike_z4.04"", ""per_post_spike""]",[],0.666667,7.0,"[""5056032"", ""5056430""]"
ce_c12cafae0a70,2026-03-31 01:00:00,HIGH,0.395775,"[""global_spike_z3.59"", ""per_post_spike""]",[],0.705882,4.0,"[""5055655"", ""5056032"", ""5056430""]"
ce_fb158e0b35e0,2026-03-31 08:00:00,HIGH,0.337082,"[""global_spike_z3.02"", ""per_post_spike""]",[],0.6875,4.0,"[""5055655"", ""5056522""]"
ce_4121fb681033,2026-03-31 09:00:00,HIGH,0.453078,"[""isolation_forest"", ""global_spike_z3.84"", ""per_post_spike""]",[],0.7,7.0,"[""5055655"", ""5054547""]"
ce_a28be317016e,2026-03-31 10:00:00,LOW,0.237507,"[""global_spike_z2.09"", ""per_post_spike""]",[],0.615385,5.0,"[""5054547"", ""5056505""]"
ce_7a6f9176e901,2026-04-01 05:00:00,LOW,0.231567,"[""isolation_forest"", ""per_post_spike""]",[],1.0,1.0,"[""5056671""]"
ce_29cd4bf649c3,2026-04-02 15:00:00,LOW,0.236172,"[""isolation_forest"", ""per_post_spike""]",[],1.0,2.0,"[""5056634"", ""5057408""]"
ce_68001e07b5a2,2026-04-04 02:00:00,LOW,0.208609,"[""global_spike_z2.19"", ""per_post_spike""]",[],0.571429,4.0,"[""5056424"", ""5056671""]"
ce_0a4a0f554d8f,2026-04-04 12:00:00,LOW,0.236232,"[""isolation_forest"", ""per_post_spike""]",[],1.0,1.0,"[""5056424""]"
ce_697c1703d2cd,2026-04-04 15:00:00,LOW,0.235467,"[""isolation_forest"", ""per_post_spike""]",[],1.0,1.0,"[""5056424""]"
ce_c06b23fd9119,2026-04-05 03:00:00,LOW,0.236226,"[""isolation_forest"", ""per_post_spike""]",[],1.0,1.0,"[""5057875""]"
ce_13208b82052a,2026-04-05 04:00:00,LOW,0.236226,"[""isolation_forest"", ""per_post_spike""]",[],1.0,2.0,"[""5057399"", ""5057875""]"
ce_5dfbcfcae33d,2026-04-05 05:00:00,LOW,0.235444,"[""isolation_forest"", ""per_post_spike""]",[],1.0,1.0,"[""5057875""]"
ce_f6fe69de60d3,2026-04-05 10:00:00,LOW,0.236796,"[""isolation_forest"", ""per_post_spike""]",[],1.0,1.0,"[""5057875""]"
ce_dfd6f15325e1,2026-04-07 08:00:00,LOW,0.236211,"[""isolation_forest"", ""per_post_spike""]",[],1.0,1.0,"[""5059021""]"
ce_1e668271e25c,2026-04-07 09:00:00,LOW,0.235676,"[""isolation_forest"", ""per_post_spike""]",[],1.0,1.0,"[""5059021""]"
ce_6cea872f253e,2026-04-08 03:00:00,HIGH,0.296028,"[""global_spike_z3.02"", ""per_post_spike""]",[],0.647059,3.0,"[""5058742""]"
ce_2ba9ef0e330a,2026-04-08 10:00:00,LOW,0.232868,"[""isolation_forest"", ""per_post_spike""]",[],1.0,1.0,"[""5058742""]"
ce_66990c9d9b5a,2026-04-10 08:00:00,MEDIUM,0.270571,"[""global_spike_z2.78"", ""per_post_spike""]",[],0.6,4.0,"[""5060593""]"
ce_01ba3baf8ae5,2026-04-10 09:00:00,LOW,0.199369,"[""global_spike_z2.22"", ""per_post_spike""]",[],0.615385,1.0,"[""5060593""]"
ce_b8360ab7c260,2026-04-10 13:00:00,HIGH,0.459834,"[""global_spike_z3.74"", ""per_post_spike""]",[],0.777778,5.0,"[""5060593"", ""5060802"", ""5060970""]"
ce_5e52987430f7,2026-04-11 23:00:00,LOW,0.232052,"[""isolation_forest"", ""per_post_spike""]",[],1.0,1.0,"[""5058375""]"
ce_1ab5faf35d9e,2026-04-12 07:00:00,HIGH,0.390551,"[""global_spike_z3.32"", ""per_post_spike""]",[],0.733333,4.0,"[""5058375"", ""5060373"", ""5060956""]"
ce_88bbdd98e1e8,2026-04-12 15:00:00,LOW,0.230941,"[""isolation_forest"", ""per_post_spike""]",[],1.0,1.0,"[""5058375""]"
ce_73702069f1cf,2026-04-13 03:00:00,HIGH,0.358584,"[""global_spike_z3.66"", ""per_post_spike""]",[],0.588235,5.0,"[""5060373"", ""5061320""]"
ce_7afa08f88223,2026-04-14 01:00:00,HIGH,0.550591,"[""isolation_forest"", ""global_spike_z4.68"", ""per_post_spike""]",[],0.761905,6.0,"[""5061996"", ""5060631""]"
ce_1d21dd0f05bd,2026-04-14 02:00:00,HIGH,0.430776,"[""global_spike_z2.92"", ""per_post_spike""]",[],0.933333,2.0,"[""5061996"", ""5060631""]"
ce_3b5f64e2c811,2026-04-14 03:00:00,HIGH,0.367088,"[""global_spike_z2.83"", ""per_post_spike""]",[],0.733333,5.0,"[""5061996"", ""5061842""]"
ce_22f7aebc1d19,2026-04-14 05:00:00,HIGH,0.527909,"[""isolation_forest"", ""global_spike_z4.38"", ""per_post_spike""]",[],0.772727,6.0,"[""5061996"", ""5060631""]"
ce_7cdc7acef053,2026-04-14 06:00:00,LOW,0.20305,"[""global_spike_z2.08"", ""per_post_spike""]",[],0.615385,3.0,"[""5061996"", ""5061842""]"
ce_fcfc4ed2a0f0,2026-04-14 07:00:00,HIGH,0.486789,"[""global_spike_z4.69"", ""per_post_spike""]",[],0.72,4.0,"[""5061996"", ""5060631"", ""5061707""]"
ce_62b7b780f317,2026-04-14 09:00:00,HIGH,0.292254,"[""global_spike_z2.09"", ""per_post_spike""]",[],0.714286,5.0,"[""5061996"", ""5060631"", ""5061707""]"
ce_e8ebd671ed12,2026-04-14 22:00:00,LOW,0.236911,"[""isolation_forest"", ""per_post_spike""]",[],1.0,1.0,"[""5061996""]"
ce_9486d8082d8e,2026-04-15 08:00:00,LOW,0.23751,"[""isolation_forest"", ""per_post_spike""]",[],1.0,1.0,"[""5061996""]"
ce_f789848489ae,2026-04-16 01:00:00,LOW,0.206843,"[""global_spike_z2.24"", ""per_post_spike""]",[],0.6,3.0,"[""5062887"", ""5061996""]"
ce_434b2c6df0d0,2026-04-16 21:00:00,LOW,0.242779,"[""isolation_forest"", ""per_post_spike""]",[],1.0,1.0,"[""5063154""]"
ce_e21aed3b16ea,2026-04-17 13:00:00,LOW,0.245968,"[""isolation_forest"", ""per_post_spike""]",[],1.0,2.0,"[""5063154"", ""5063633""]"
ce_ea1331aed3b8,2026-04-17 15:00:00,LOW,0.245443,"[""isolation_forest"", ""per_post_spike""]",[],1.0,1.0,"[""5063154""]"
ce_3b11ff88ab61,2026-04-18 08:00:00,LOW,0.239242,"[""isolation_forest"", ""per_post_spike""]",[],1.0,2.0,"[""5063154"", ""5063914""]"
ce_c8d08a980030,2026-04-19 08:00:00,LOW,0.237705,"[""isolation_forest"", ""per_post_spike""]",[],1.0,2.0,"[""5064246"", ""5063911""]"
ce_e4b65baf2a9d,2026-04-19 20:00:00,LOW,0.241434,"[""isolation_forest"", ""per_post_spike""]",[],1.0,2.0,"[""5064171"", ""5064246""]"
ce_c2474cf331e6,2026-04-21 12:00:00,LOW,0.239494,"[""isolation_forest"", ""per_post_spike""]",[],1.0,2.0,"[""5064880"", ""5065036""]"
ce_112e81e809c4,2026-04-22 01:00:00,HIGH,0.369809,"[""global_spike_z3.75"", ""per_post_spike""]",[],0.62963,5.0,"[""5061856"", ""5064876""]"
ce_089192fab6c5,2026-04-22 03:00:00,HIGH,0.303199,"[""global_spike_z3.00"", ""per_post_spike""]",[],0.583333,6.0,"[""5064876"", ""5061856"", ""5064880""]"
ce_e296e894a1c3,2026-04-22 05:00:00,LOW,0.224678,"[""global_spike_z2.05"", ""per_post_spike""]",[],0.578947,6.0,"[""5064876"", ""5065463""]"
ce_21458e67aa66,2026-04-22 16:00:00,LOW,0.238296,"[""isolation_forest"", ""per_post_spike""]",[],1.0,2.0,"[""5064876"", ""5065564""]"
ce_d086ca0dd7ea,2026-04-26 10:00:00,LOW,0.189123,"[""global_spike_z2.04"", ""per_post_spike""]",[],0.5625,4.0,"[""5067299""]"
ce_39afa498d20b,2026-04-26 15:00:00,LOW,0.23764,"[""isolation_forest"", ""per_post_spike""]",[],1.0,1.0,"[""5067299""]"
