post_id,source,content,clean_text,sentiment_label,sentiment_id,confidence,post_type,author,author_id,created_at,reaction_count,view_count,comment_count,parent_post_id,title,tags
4b4f34927c6c,voz,"Bài review có tâm quá, tks thím đã chia sẻ cho anh em mở mang tầm mắt.",bài đánh_giá tâm quá thanks_thím chia_sẻ anh_em mở_mang tầm_mắt,Positive,2,0.9959331154823303,comment,Coin_Thu_Gia,240,1736263380,0,,,1,,
07e24004a61a,voz,"Cấu hình này ngon đấy thớt, cứ thế mà quất thôi không phải nghĩ.",cấu_hình ngon đấy người tạo bài cứ thế mà làm luôn thôi không phải nghĩ,Positive,2,0.5548200011253357,comment,Pede_Chua,238,1736264880,0,,,1,,
29faea92f72c,voz,Mình nghĩ nên đợi thêm một thời gian để xem các bài test nhiệt độ độc lập rồi hẵng chốt.,mình nghĩ nên đợi thêm một thời_gian để xem các thử_thách tình_cảm nhiệt_độ độc_lập rồi hẵng quyết_định cuối_cùng,Negative,0,0.98467618227005,comment,Coin_Thu_Gia,295,1737818820,0,,,2,,
dcdb79b601b2,voz,"Thông tin này mình thấy khá bình thường, hãng nào năm nay cũng đi theo xu hướng đó.",thông_tin mình thấy khá bình_thường hãng nào năm nay cũng đi theo xui_xẻo hướng đó,Negative,0,0.6219799518585205,comment,Khang_Voz,294,1737816420,0,,,2,,
02577822d27f,voz,"Em đang xài đây, pin trâu sóng khỏe, nói chung là ưng cái bụng.",em đang xài đây ghim bài viết trâu sóng_khỏe nói_chung ưng cái bụng,Positive,2,0.9934068918228149,comment,Dev_Cui_Bap,213,1737569880,0,,,3,,
d33b1c09ee5e,voz,"Theo thông số công bố thì chỉ thay đổi ở dung lượng RAM, thiết kế giữ nguyên.",theo thông_số công_bố thì chỉ thay_đổi ở dung_lượng ram thiết_kế giữ nguyên,Neutral,1,0.982572078704834,comment,Apple_Hater,207,1737571620,0,,,3,,
3d69b49dddd6,voz,"Bài review có tâm quá, tks thím đã chia sẻ cho anh em mở mang tầm mắt.",bài đánh_giá tâm quá thanks_thím chia_sẻ anh_em mở_mang tầm_mắt,Positive,2,0.9959331154823303,comment,Lang_Khach,272,1738157580,0,,,4,,
318596c4ad84,voz,"Bọn gian thương dạo này lùa gà ác thật, anh em tỉnh táo kẻo mất tiền oan.",bọn gian_thương dạo lừa_đảo ác thật anh_em tỉnh apple kẻo mất tiền oan,Negative,0,0.9511816501617432,comment,Dev_Cui_Bap,205,1738158600,0,,,4,,
355d69b12862,voz,"Thông tin này mình thấy khá bình thường, hãng nào năm nay cũng đi theo xu hướng đó.",thông_tin mình thấy khá bình_thường hãng nào năm nay cũng đi theo xui_xẻo hướng đó,Negative,0,0.6219800114631653,comment,Khang_Voz,286,1738332720,0,,,5,,
c179e23e4073,voz,"Lại bài cũ rích, mua đi rồi khóc. Nóng như cái lò gạch chứ ở đó mà mát.",lại bài cũ_rích mua đi rồi khóc nóng_như cái lò gạch chứ ở đó mà mát,Negative,0,0.9856573939323425,comment,Apple_Hater,203,1738332420,0,,,5,,
bb066154df80,voz,"Theo thông số công bố thì chỉ thay đổi ở dung lượng RAM, thiết kế giữ nguyên.",theo thông_số công_bố thì chỉ thay_đổi ở dung_lượng ram thiết_kế giữ nguyên,Neutral,1,0.982572078704834,comment,Apple_Hater,247,1737717420,0,,,6,,
209534dc48cb,voz,"Thông tin này mình thấy khá bình thường, hãng nào năm nay cũng đi theo xu hướng đó.",thông_tin mình thấy khá bình_thường hãng nào năm nay cũng đi theo xui_xẻo hướng đó,Negative,0,0.6219799518585205,comment,Dev_Cui_Bap,293,1737716220,0,,,6,,
f88636331ca7,voz,"Thông tin này mình thấy khá bình thường, hãng nào năm nay cũng đi theo xu hướng đó.",thông_tin mình thấy khá bình_thường hãng nào năm nay cũng đi theo xui_xẻo hướng đó,Negative,0,0.6219800114631653,comment,Khang_Voz,224,1737485700,0,,,7,,
607005a6d289,voz,Giá bán dự kiến 20 triệu thì cũng ngang với giá niêm yết của thế hệ trước.,giá bán dự_kiến 20 triệu thì cũng ngang giá niêm_yết thế_hệ trước,Neutral,1,0.9823698997497559,comment,Gian_Thuong_123,247,1737480840,0,,,7,,
c697fa15aba0,voz,Mình nghĩ nên đợi thêm một thời gian để xem các bài test nhiệt độ độc lập rồi hẵng chốt.,mình nghĩ nên đợi thêm một thời_gian để xem các thử_thách tình_cảm nhiệt_độ độc_lập rồi hẵng quyết_định cuối_cùng,Negative,0,0.98467618227005,comment,Khang_Voz,293,1737461400,0,,,8,,
9575969d10dd,voz,"Thông tin này mình thấy khá bình thường, hãng nào năm nay cũng đi theo xu hướng đó.",thông_tin mình thấy khá bình_thường hãng nào năm nay cũng đi theo xui_xẻo hướng đó,Negative,0,0.6219799518585205,comment,Lang_Khach,287,1737463320,0,,,8,,
15a9badcf50e,voz,"Thông tin này mình thấy khá bình thường, hãng nào năm nay cũng đi theo xu hướng đó.",thông_tin mình thấy khá bình_thường hãng nào năm nay cũng đi theo xui_xẻo hướng đó,Negative,0,0.6219800114631653,comment,Dev_Cui_Bap,227,1736619180,0,,,9,,
1530b59f7c3c,voz,Nghe văn của mấy anh seeder là biết rồi. Tầm tiền này thì con này tuổi tôm.,nghe văn mấy anh người bình_luận ảo biết rồi tầm tiền thì con tuổi tôm,Negative,0,0.8906089067459106,comment,Coin_Thu_Gia,275,1736623680,0,,,9,,
f46d3a27ed32,voz,"Bọn gian thương dạo này lùa gà ác thật, anh em tỉnh táo kẻo mất tiền oan.",bọn gian_thương dạo lừa_đảo ác thật anh_em tỉnh apple kẻo mất tiền oan,Negative,0,0.9511817693710327,comment,Apple_Hater,243,1738349580,0,,,10,,
efc3f75cc620,voz,Giá bán dự kiến 20 triệu thì cũng ngang với giá niêm yết của thế hệ trước.,giá bán dự_kiến 20 triệu thì cũng ngang giá niêm_yết thế_hệ trước,Neutral,1,0.9823698997497559,comment,Thanh_Nien_Nghiem_Tuc,276,1738347480,0,,,10,,
3fdc48a6eed2,voz,Giá bán dự kiến 20 triệu thì cũng ngang với giá niêm yết của thế hệ trước.,giá bán dự_kiến 20 triệu thì cũng ngang giá niêm_yết thế_hệ trước,Neutral,1,0.9823698997497559,comment,Khang_Voz,210,1737797760,0,,,11,,
86656101c32b,voz,"Cấu hình này ngon đấy thớt, cứ thế mà quất thôi không phải nghĩ.",cấu_hình ngon đấy người tạo bài cứ thế mà làm luôn thôi không phải nghĩ,Positive,2,0.5548200011253357,comment,Thanh_Nien_Nghiem_Tuc,214,1737797520,0,,,11,,
6094b1fae675,voz,"Giá này mà có cấu hình như vậy là món hời rồi, chúc mừng bác.",giá mà cấu_hình như_vậy món hời rồi chúc_mừng bác,Positive,2,0.8250633478164673,comment,Sam_Fan_Goc,265,1737026400,0,,,12,,
54753e5036a6,voz,"Tiền đó thím để ăn cho sướng, mua con này về rước cục tức vào người.",tiền đó thím để ăn sướng mua con về rước cục tức vào người,Negative,0,0.9265731573104858,comment,Khang_Voz,202,1737031740,0,,,12,,
3cf1bda74cd5,voz,"Bài review có tâm quá, tks thím đã chia sẻ cho anh em mở mang tầm mắt.",bài đánh_giá tâm quá thanks_thím chia_sẻ anh_em mở_mang tầm_mắt,Positive,2,0.9959331154823303,comment,Apple_Hater,264,1737141180,0,,,13,,
75a501450b85,voz,"Lại bài cũ rích, mua đi rồi khóc. Nóng như cái lò gạch chứ ở đó mà mát.",lại bài cũ_rích mua đi rồi khóc nóng_như cái lò gạch chứ ở đó mà mát,Negative,0,0.9856573939323425,comment,Thanh_Nien_Nghiem_Tuc,235,1737140880,0,,,13,,
bf8a891c924b,voz,Mình nghĩ nên đợi thêm một thời gian để xem các bài test nhiệt độ độc lập rồi hẵng chốt.,mình nghĩ nên đợi thêm một thời_gian để xem các thử_thách tình_cảm nhiệt_độ độc_lập rồi hẵng quyết_định cuối_cùng,Negative,0,0.98467618227005,comment,Coin_Thu_Gia,247,1737123660,0,,,14,,
1e1e40b4d5b5,voz,Mình nghĩ nên đợi thêm một thời gian để xem các bài test nhiệt độ độc lập rồi hẵng chốt.,mình nghĩ nên đợi thêm một thời_gian để xem các thử_thách tình_cảm nhiệt_độ độc_lập rồi hẵng quyết_định cuối_cùng,Negative,0,0.98467618227005,comment,Sam_Fan_Goc,200,1737123180,0,,,14,,
1756bd3ea30f,voz,"Theo thông số công bố thì chỉ thay đổi ở dung lượng RAM, thiết kế giữ nguyên.",theo thông_số công_bố thì chỉ thay_đổi ở dung_lượng ram thiết_kế giữ nguyên,Neutral,1,0.982572078704834,comment,Apple_Hater,200,1737747120,0,,,15,,
9c5536d1b18f,voz,"Lại bài cũ rích, mua đi rồi khóc. Nóng như cái lò gạch chứ ở đó mà mát.",lại bài cũ_rích mua đi rồi khóc nóng_như cái lò gạch chứ ở đó mà mát,Negative,0,0.9856573939323425,comment,Pede_Chua,259,1737743820,0,,,15,,
8498b5e57345,voz,Giá bán dự kiến 20 triệu thì cũng ngang với giá niêm yết của thế hệ trước.,giá bán dự_kiến 20 triệu thì cũng ngang giá niêm_yết thế_hệ trước,Neutral,1,0.9823698997497559,comment,Lang_Khach,295,1735759560,0,,,16,,
28ab0c128ce5,voz,"Bài review có tâm quá, tks thím đã chia sẻ cho anh em mở mang tầm mắt.",bài đánh_giá tâm quá thanks_thím chia_sẻ anh_em mở_mang tầm_mắt,Positive,2,0.9959331154823303,comment,Coin_Thu_Gia,205,1735764120,0,,,16,,
bb51e56fb7fe,voz,"Lại bài cũ rích, mua đi rồi khóc. Nóng như cái lò gạch chứ ở đó mà mát.",lại bài cũ_rích mua đi rồi khóc nóng_như cái lò gạch chứ ở đó mà mát,Negative,0,0.9856573939323425,comment,Apple_Hater,257,1736073600,0,,,17,,
c6ee77734b8d,voz,"Bọn gian thương dạo này lùa gà ác thật, anh em tỉnh táo kẻo mất tiền oan.",bọn gian_thương dạo lừa_đảo ác thật anh_em tỉnh apple kẻo mất tiền oan,Negative,0,0.9511816501617432,comment,Apple_Hater,205,1736071200,0,,,17,,
1ae3556cf151,voz,"Bọn gian thương dạo này lùa gà ác thật, anh em tỉnh táo kẻo mất tiền oan.",bọn gian_thương dạo lừa_đảo ác thật anh_em tỉnh apple kẻo mất tiền oan,Negative,0,0.9511817693710327,comment,Khang_Voz,279,1737821700,0,,,18,,
9858f59dfdb4,voz,"Cấu hình này ngon đấy thớt, cứ thế mà quất thôi không phải nghĩ.",cấu_hình ngon đấy người tạo bài cứ thế mà làm luôn thôi không phải nghĩ,Positive,2,0.5548200011253357,comment,Dev_Cui_Bap,280,1737823380,0,,,18,,
b608e791f44a,voz,"Vấn đề này còn tùy thuộc vào nhu cầu sử dụng của mỗi người, khó đánh giá chung được.",vấn_đề còn tùy thuộc vào nhu_cầu sử_dụng mỗi người khó đánh_giá chung,Negative,0,0.9899128675460815,comment,Gamer_Ngheo,202,1735850760,0,,,19,,
a4497f0ed57a,voz,Mình nghĩ nên đợi thêm một thời gian để xem các bài test nhiệt độ độc lập rồi hẵng chốt.,mình nghĩ nên đợi thêm một thời_gian để xem các thử_thách tình_cảm nhiệt_độ độc_lập rồi hẵng quyết_định cuối_cùng,Negative,0,0.98467618227005,comment,Coin_Thu_Gia,289,1735850580,0,,,19,,
57107d6fbd22,voz,Mình nghĩ nên đợi thêm một thời gian để xem các bài test nhiệt độ độc lập rồi hẵng chốt.,mình nghĩ nên đợi thêm một thời_gian để xem các thử_thách tình_cảm nhiệt_độ độc_lập rồi hẵng quyết_định cuối_cùng,Negative,0,0.98467618227005,comment,Dev_Cui_Bap,298,1738095900,0,,,20,,
359fe0b96d3c,voz,"Cấu hình này ngon đấy thớt, cứ thế mà quất thôi không phải nghĩ.",cấu_hình ngon đấy người tạo bài cứ thế mà làm luôn thôi không phải nghĩ,Positive,2,0.5548200011253357,comment,Dev_Cui_Bap,211,1738099860,0,,,20,,
d15a4ec73a65,voz,"Em đang xài đây, pin trâu sóng khỏe, nói chung là ưng cái bụng.",em đang xài đây ghim bài viết trâu sóng_khỏe nói_chung ưng cái bụng,Positive,2,0.9934068918228149,comment,Thanh_Nien_Nghiem_Tuc,298,1737971280,0,,,21,,
eb644066f268,voz,"Bài review có tâm quá, tks thím đã chia sẻ cho anh em mở mang tầm mắt.",bài đánh_giá tâm quá thanks_thím chia_sẻ anh_em mở_mang tầm_mắt,Positive,2,0.9959331154823303,comment,Pede_Chua,270,1737965820,0,,,21,,
94da6d9311ef,voz,"Cấu hình này ngon đấy thớt, cứ thế mà quất thôi không phải nghĩ.",cấu_hình ngon đấy người tạo bài cứ thế mà làm luôn thôi không phải nghĩ,Positive,2,0.5548200011253357,comment,Khang_Voz,222,1735756320,0,,,22,,
0c03e1665548,voz,"Tiền đó thím để ăn cho sướng, mua con này về rước cục tức vào người.",tiền đó thím để ăn sướng mua con về rước cục tức vào người,Negative,0,0.9265731573104858,comment,Gian_Thuong_123,246,1735756860,0,,,22,,
60949a3857f1,voz,"Cấu hình này ngon đấy thớt, cứ thế mà quất thôi không phải nghĩ.",cấu_hình ngon đấy người tạo bài cứ thế mà làm luôn thôi không phải nghĩ,Positive,2,0.5548200011253357,comment,Lang_Khach,279,1735738080,0,,,23,,
1d05c70df1fa,voz,"Bọn gian thương dạo này lùa gà ác thật, anh em tỉnh táo kẻo mất tiền oan.",bọn gian_thương dạo lừa_đảo ác thật anh_em tỉnh apple kẻo mất tiền oan,Negative,0,0.9511816501617432,comment,Thanh_Nien_Nghiem_Tuc,291,1735743600,0,,,23,,
4e659f14f9f5,voz,"Cấu hình này ngon đấy thớt, cứ thế mà quất thôi không phải nghĩ.",cấu_hình ngon đấy người tạo bài cứ thế mà làm luôn thôi không phải nghĩ,Positive,2,0.5548200011253357,comment,Pede_Chua,259,1737978540,0,,,24,,
4c03eb511bd2,voz,"Vấn đề này còn tùy thuộc vào nhu cầu sử dụng của mỗi người, khó đánh giá chung được.",vấn_đề còn tùy thuộc vào nhu_cầu sử_dụng mỗi người khó đánh_giá chung,Negative,0,0.9899128675460815,comment,Coin_Thu_Gia,220,1737973080,0,,,24,,
7470c4fa96ec,voz,"Vấn đề này còn tùy thuộc vào nhu cầu sử dụng của mỗi người, khó đánh giá chung được.",vấn_đề còn tùy thuộc vào nhu_cầu sử_dụng mỗi người khó đánh_giá chung,Negative,0,0.9899128675460815,comment,Gian_Thuong_123,251,1737128520,0,,,25,,
1b62935a1cfb,voz,"Cấu hình này ngon đấy thớt, cứ thế mà quất thôi không phải nghĩ.",cấu_hình ngon đấy người tạo bài cứ thế mà làm luôn thôi không phải nghĩ,Positive,2,0.5548200011253357,comment,Apple_Hater,299,1737131340,0,,,25,,
a9f5c4554b14,voz,"Giá này mà có cấu hình như vậy là món hời rồi, chúc mừng bác.",giá mà cấu_hình như_vậy món hời rồi chúc_mừng bác,Positive,2,0.8250633478164673,comment,Gamer_Ngheo,294,1736175480,0,,,26,,
c353066627c5,voz,Mình nghĩ nên đợi thêm một thời gian để xem các bài test nhiệt độ độc lập rồi hẵng chốt.,mình nghĩ nên đợi thêm một thời_gian để xem các thử_thách tình_cảm nhiệt_độ độc_lập rồi hẵng quyết_định cuối_cùng,Negative,0,0.98467618227005,comment,Lang_Khach,284,1736173620,0,,,26,,
9ac482d3c193,voz,"Giá này mà có cấu hình như vậy là món hời rồi, chúc mừng bác.",giá mà cấu_hình như_vậy món hời rồi chúc_mừng bác,Positive,2,0.8250633478164673,comment,Khang_Voz,237,1736367120,0,,,27,,
6501e47f0a36,voz,Giá bán dự kiến 20 triệu thì cũng ngang với giá niêm yết của thế hệ trước.,giá bán dự_kiến 20 triệu thì cũng ngang giá niêm_yết thế_hệ trước,Neutral,1,0.9823698997497559,comment,Dev_Cui_Bap,276,1736365380,0,,,27,,
df43787c02da,voz,Giá bán dự kiến 20 triệu thì cũng ngang với giá niêm yết của thế hệ trước.,giá bán dự_kiến 20 triệu thì cũng ngang giá niêm_yết thế_hệ trước,Neutral,1,0.9823698997497559,comment,Coin_Thu_Gia,291,1736846820,0,,,28,,
74a830c8c3cb,voz,Nghe văn của mấy anh seeder là biết rồi. Tầm tiền này thì con này tuổi tôm.,nghe văn mấy anh người bình_luận ảo biết rồi tầm tiền thì con tuổi tôm,Negative,0,0.8906089067459106,comment,Khang_Voz,206,1736844000,0,,,28,,
44ffbcc999ca,voz,"Bài review có tâm quá, tks thím đã chia sẻ cho anh em mở mang tầm mắt.",bài đánh_giá tâm quá thanks_thím chia_sẻ anh_em mở_mang tầm_mắt,Positive,2,0.9959331154823303,comment,Dev_Cui_Bap,205,1736161740,0,,,29,,
747303efd5e3,voz,"Bài review có tâm quá, tks thím đã chia sẻ cho anh em mở mang tầm mắt.",bài đánh_giá tâm quá thanks_thím chia_sẻ anh_em mở_mang tầm_mắt,Positive,2,0.9959331154823303,comment,Lang_Khach,288,1736163480,0,,,29,,
3d1502d3c188,voz,"Giá này mà có cấu hình như vậy là món hời rồi, chúc mừng bác.",giá mà cấu_hình như_vậy món hời rồi chúc_mừng bác,Positive,2,0.8250633478164673,comment,Thanh_Nien_Nghiem_Tuc,219,1738144380,0,,,30,,
6fa34df81de9,voz,"Em đang xài đây, pin trâu sóng khỏe, nói chung là ưng cái bụng.",em đang xài đây ghim bài viết trâu sóng_khỏe nói_chung ưng cái bụng,Positive,2,0.9934068918228149,comment,Khang_Voz,243,1738139820,0,,,30,,
b24e54c69c23,voz,"Lại bài cũ rích, mua đi rồi khóc. Nóng như cái lò gạch chứ ở đó mà mát.",lại bài cũ_rích mua đi rồi khóc nóng_như cái lò gạch chứ ở đó mà mát,Negative,0,0.9856573939323425,comment,Gamer_Ngheo,222,1735845360,0,,,31,,
43d812e638ee,voz,Nghe văn của mấy anh seeder là biết rồi. Tầm tiền này thì con này tuổi tôm.,nghe văn mấy anh người bình_luận ảo biết rồi tầm tiền thì con tuổi tôm,Negative,0,0.8906089067459106,comment,Thanh_Nien_Nghiem_Tuc,201,1735842060,0,,,31,,
37231488c9e9,voz,"Em đang xài đây, pin trâu sóng khỏe, nói chung là ưng cái bụng.",em đang xài đây ghim bài viết trâu sóng_khỏe nói_chung ưng cái bụng,Positive,2,0.9934068918228149,comment,Apple_Hater,215,1737459480,0,,,32,,
6d8c69266589,voz,"Bọn gian thương dạo này lùa gà ác thật, anh em tỉnh táo kẻo mất tiền oan.",bọn gian_thương dạo lừa_đảo ác thật anh_em tỉnh apple kẻo mất tiền oan,Negative,0,0.9511816501617432,comment,Sam_Fan_Goc,227,1737454560,0,,,32,,
9bf01b1fda50,voz,"Lại bài cũ rích, mua đi rồi khóc. Nóng như cái lò gạch chứ ở đó mà mát.",lại bài cũ_rích mua đi rồi khóc nóng_như cái lò gạch chứ ở đó mà mát,Negative,0,0.9856573939323425,comment,Gamer_Ngheo,237,1737403020,0,,,33,,
9cf4ad65f046,voz,"Theo thông số công bố thì chỉ thay đổi ở dung lượng RAM, thiết kế giữ nguyên.",theo thông_số công_bố thì chỉ thay_đổi ở dung_lượng ram thiết_kế giữ nguyên,Neutral,1,0.982572078704834,comment,Coin_Thu_Gia,295,1737403200,0,,,33,,
cca5e889df52,voz,Nghe văn của mấy anh seeder là biết rồi. Tầm tiền này thì con này tuổi tôm.,nghe văn mấy anh người bình_luận ảo biết rồi tầm tiền thì con tuổi tôm,Negative,0,0.8906089067459106,comment,Sam_Fan_Goc,232,1735905420,0,,,34,,
55cb4fecf94f,voz,"Thông tin này mình thấy khá bình thường, hãng nào năm nay cũng đi theo xu hướng đó.",thông_tin mình thấy khá bình_thường hãng nào năm nay cũng đi theo xui_xẻo hướng đó,Negative,0,0.6219799518585205,comment,Lang_Khach,257,1735908600,0,,,34,,
6ae3892432d0,voz,Mình nghĩ nên đợi thêm một thời gian để xem các bài test nhiệt độ độc lập rồi hẵng chốt.,mình nghĩ nên đợi thêm một thời_gian để xem các thử_thách tình_cảm nhiệt_độ độc_lập rồi hẵng quyết_định cuối_cùng,Negative,0,0.98467618227005,comment,Coin_Thu_Gia,287,1736262900,0,,,35,,
305816e572d2,voz,Mình nghĩ nên đợi thêm một thời gian để xem các bài test nhiệt độ độc lập rồi hẵng chốt.,mình nghĩ nên đợi thêm một thời_gian để xem các thử_thách tình_cảm nhiệt_độ độc_lập rồi hẵng quyết_định cuối_cùng,Negative,0,0.98467618227005,comment,Dev_Cui_Bap,287,1736265480,0,,,35,,
35a2ec9b0dde,voz,"Cấu hình này ngon đấy thớt, cứ thế mà quất thôi không phải nghĩ.",cấu_hình ngon đấy người tạo bài cứ thế mà làm luôn thôi không phải nghĩ,Positive,2,0.5548200011253357,comment,Thanh_Nien_Nghiem_Tuc,292,1738053360,0,,,36,,
f34fe0a759dd,voz,Giá bán dự kiến 20 triệu thì cũng ngang với giá niêm yết của thế hệ trước.,giá bán dự_kiến 20 triệu thì cũng ngang giá niêm_yết thế_hệ trước,Neutral,1,0.9823698997497559,comment,Thanh_Nien_Nghiem_Tuc,293,1738051800,0,,,36,,
218785883597,voz,"Em đang xài đây, pin trâu sóng khỏe, nói chung là ưng cái bụng.",em đang xài đây ghim bài viết trâu sóng_khỏe nói_chung ưng cái bụng,Positive,2,0.9934068918228149,comment,Khang_Voz,296,1736075520,0,,,37,,
9b594103f7d8,voz,"Bọn gian thương dạo này lùa gà ác thật, anh em tỉnh táo kẻo mất tiền oan.",bọn gian_thương dạo lừa_đảo ác thật anh_em tỉnh apple kẻo mất tiền oan,Negative,0,0.9511816501617432,comment,Gian_Thuong_123,212,1736082000,0,,,37,,
075a2814f067,voz,"Theo thông số công bố thì chỉ thay đổi ở dung lượng RAM, thiết kế giữ nguyên.",theo thông_số công_bố thì chỉ thay_đổi ở dung_lượng ram thiết_kế giữ nguyên,Neutral,1,0.982572078704834,comment,Thanh_Nien_Nghiem_Tuc,218,1736428920,0,,,38,,
0f1491f73da9,voz,"Cấu hình này ngon đấy thớt, cứ thế mà quất thôi không phải nghĩ.",cấu_hình ngon đấy người tạo bài cứ thế mà làm luôn thôi không phải nghĩ,Positive,2,0.5548200011253357,comment,Gamer_Ngheo,264,1736428740,0,,,38,,
2ff4bf3909f9,voz,"Theo thông số công bố thì chỉ thay đổi ở dung lượng RAM, thiết kế giữ nguyên.",theo thông_số công_bố thì chỉ thay_đổi ở dung_lượng ram thiết_kế giữ nguyên,Neutral,1,0.982572078704834,comment,Gian_Thuong_123,231,1737560460,0,,,39,,
fba267371ced,voz,"Em đang xài đây, pin trâu sóng khỏe, nói chung là ưng cái bụng.",em đang xài đây ghim bài viết trâu sóng_khỏe nói_chung ưng cái bụng,Positive,2,0.9934068918228149,comment,Apple_Hater,277,1737563460,0,,,39,,
2fc9f0320ac9,voz,Mình nghĩ nên đợi thêm một thời gian để xem các bài test nhiệt độ độc lập rồi hẵng chốt.,mình nghĩ nên đợi thêm một thời_gian để xem các thử_thách tình_cảm nhiệt_độ độc_lập rồi hẵng quyết_định cuối_cùng,Negative,0,0.98467618227005,comment,Lang_Khach,288,1737818520,0,,,40,,
c502ea202a3e,voz,"Giá này mà có cấu hình như vậy là món hời rồi, chúc mừng bác.",giá mà cấu_hình như_vậy món hời rồi chúc_mừng bác,Positive,2,0.8250634074211121,comment,Khang_Voz,238,1737822540,0,,,40,,
bc6f1572563e,voz,Nghe văn của mấy anh seeder là biết rồi. Tầm tiền này thì con này tuổi tôm.,nghe văn mấy anh người bình_luận ảo biết rồi tầm tiền thì con tuổi tôm,Negative,0,0.8906089067459106,comment,Coin_Thu_Gia,250,1737031260,0,,,41,,
5186072fca1b,voz,"Lại bài cũ rích, mua đi rồi khóc. Nóng như cái lò gạch chứ ở đó mà mát.",lại bài cũ_rích mua đi rồi khóc nóng_như cái lò gạch chứ ở đó mà mát,Negative,0,0.9856573939323425,comment,Lang_Khach,261,1737035460,0,,,41,,
1b512f0d9b5a,voz,"Cấu hình này ngon đấy thớt, cứ thế mà quất thôi không phải nghĩ.",cấu_hình ngon đấy người tạo bài cứ thế mà làm luôn thôi không phải nghĩ,Positive,2,0.5548200011253357,comment,Pede_Chua,244,1735896360,0,,,42,,
3e869a5e7aa6,voz,Mình nghĩ nên đợi thêm một thời gian để xem các bài test nhiệt độ độc lập rồi hẵng chốt.,mình nghĩ nên đợi thêm một thời_gian để xem các thử_thách tình_cảm nhiệt_độ độc_lập rồi hẵng quyết_định cuối_cùng,Negative,0,0.98467618227005,comment,Pede_Chua,254,1735893960,0,,,42,,
26947c03f96a,voz,"Tiền đó thím để ăn cho sướng, mua con này về rước cục tức vào người.",tiền đó thím để ăn sướng mua con về rước cục tức vào người,Negative,0,0.9265731573104858,comment,Sam_Fan_Goc,213,1738071960,0,,,43,,
13c6c75c0a37,voz,"Theo thông số công bố thì chỉ thay đổi ở dung lượng RAM, thiết kế giữ nguyên.",theo thông_số công_bố thì chỉ thay_đổi ở dung_lượng ram thiết_kế giữ nguyên,Neutral,1,0.982572078704834,comment,Gamer_Ngheo,215,1738073280,0,,,43,,
fff3aad3d1ed,voz,"Giá này mà có cấu hình như vậy là món hời rồi, chúc mừng bác.",giá mà cấu_hình như_vậy món hời rồi chúc_mừng bác,Positive,2,0.8250633478164673,comment,Apple_Hater,224,1738172700,0,,,44,,
9e36374c3150,voz,"Bài review có tâm quá, tks thím đã chia sẻ cho anh em mở mang tầm mắt.",bài đánh_giá tâm quá thanks_thím chia_sẻ anh_em mở_mang tầm_mắt,Positive,2,0.9959331154823303,comment,Gamer_Ngheo,243,1738172580,0,,,44,,
29387a66e08f,voz,"Bọn gian thương dạo này lùa gà ác thật, anh em tỉnh táo kẻo mất tiền oan.",bọn gian_thương dạo lừa_đảo ác thật anh_em tỉnh apple kẻo mất tiền oan,Negative,0,0.9511817693710327,comment,Gamer_Ngheo,273,1736279280,0,,,45,,
730a151743de,voz,"Theo thông số công bố thì chỉ thay đổi ở dung lượng RAM, thiết kế giữ nguyên.",theo thông_số công_bố thì chỉ thay_đổi ở dung_lượng ram thiết_kế giữ nguyên,Neutral,1,0.982572078704834,comment,Apple_Hater,245,1736278200,0,,,45,,
d061392d444b,voz,"Thông tin này mình thấy khá bình thường, hãng nào năm nay cũng đi theo xu hướng đó.",thông_tin mình thấy khá bình_thường hãng nào năm nay cũng đi theo xui_xẻo hướng đó,Negative,0,0.6219800114631653,comment,Khang_Voz,243,1736428560,0,,,46,,
bdd9d108ca62,voz,"Bọn gian thương dạo này lùa gà ác thật, anh em tỉnh táo kẻo mất tiền oan.",bọn gian_thương dạo lừa_đảo ác thật anh_em tỉnh apple kẻo mất tiền oan,Negative,0,0.9511816501617432,comment,Thanh_Nien_Nghiem_Tuc,205,1736426940,0,,,46,,
1a601b04d23b,voz,"Tiền đó thím để ăn cho sướng, mua con này về rước cục tức vào người.",tiền đó thím để ăn sướng mua con về rước cục tức vào người,Negative,0,0.9265731573104858,comment,Khang_Voz,209,1736165280,0,,,47,,
e3e5baf728ea,voz,"Giá này mà có cấu hình như vậy là món hời rồi, chúc mừng bác.",giá mà cấu_hình như_vậy món hời rồi chúc_mừng bác,Positive,2,0.8250634074211121,comment,Thanh_Nien_Nghiem_Tuc,288,1736166840,0,,,47,,
bb1a31f9feb9,voz,Mình nghĩ nên đợi thêm một thời gian để xem các bài test nhiệt độ độc lập rồi hẵng chốt.,mình nghĩ nên đợi thêm một thời_gian để xem các thử_thách tình_cảm nhiệt_độ độc_lập rồi hẵng quyết_định cuối_cùng,Negative,0,0.98467618227005,comment,Lang_Khach,281,1736788620,0,,,48,,
704a897790fe,voz,Giá bán dự kiến 20 triệu thì cũng ngang với giá niêm yết của thế hệ trước.,giá bán dự_kiến 20 triệu thì cũng ngang giá niêm_yết thế_hệ trước,Neutral,1,0.9823698997497559,comment,Coin_Thu_Gia,201,1736790360,0,,,48,,
7202dff9cee6,voz,Giá bán dự kiến 20 triệu thì cũng ngang với giá niêm yết của thế hệ trước.,giá bán dự_kiến 20 triệu thì cũng ngang giá niêm_yết thế_hệ trước,Neutral,1,0.9823698997497559,comment,Apple_Hater,292,1736078220,0,,,49,,
5518e60ae1fb,voz,Nghe văn của mấy anh seeder là biết rồi. Tầm tiền này thì con này tuổi tôm.,nghe văn mấy anh người bình_luận ảo biết rồi tầm tiền thì con tuổi tôm,Negative,0,0.8906089067459106,comment,Dev_Cui_Bap,293,1736077440,0,,,49,,
e71cb2af698c,voz,Nghe văn của mấy anh seeder là biết rồi. Tầm tiền này thì con này tuổi tôm.,nghe văn mấy anh người bình_luận ảo biết rồi tầm tiền thì con tuổi tôm,Negative,0,0.8906089067459106,comment,Pede_Chua,251,1737716040,0,,,50,,
f4e93f59884f,voz,"Lại bài cũ rích, mua đi rồi khóc. Nóng như cái lò gạch chứ ở đó mà mát.",lại bài cũ_rích mua đi rồi khóc nóng_như cái lò gạch chứ ở đó mà mát,Negative,0,0.9856573939323425,comment,Pede_Chua,222,1737718140,0,,,50,,
1,voz,"AI dạo này code ghê quá, sinh viên IT mới ra trường liệu có chết đói?",ai dạo code ghê quá sinh_viên it mới ra trường liệu rất đói,Negative,0,0.9910246133804321,post,Khang_Voz,128,1736262000,,17994,422,,"AI dạo này code ghê quá, sinh viên IT mới ra trường liệu có chết đói?","Điện thoại di động,Android"
2,voz,Bỏ gần 30 củ mua iPhone mới thấy hối hận quá các thím ạ.,bỏ gần 30 triệu mua iphone mới thấy hối_hận quá các thím ạ,Negative,0,0.830118715763092,post,Lang_Khach,176,1737813600,,14532,318,,Bỏ gần 30 củ mua iPhone mới thấy hối hận quá các thím ạ.,"Điện thoại di động,Android"
3,voz,"AI dạo này code ghê quá, sinh viên IT mới ra trường liệu có chết đói?",ai dạo code ghê quá sinh_viên it mới ra trường liệu rất đói,Negative,0,0.9910246133804321,post,Gian_Thuong_123,141,1737568800,,17016,68,,"AI dạo này code ghê quá, sinh viên IT mới ra trường liệu có chết đói?","Trí tuệ nhân tạo,Công cụ hỗ trợ"
4,voz,"AI dạo này code ghê quá, sinh viên IT mới ra trường liệu có chết đói?",ai dạo code ghê quá sinh_viên it mới ra trường liệu rất đói,Negative,0,0.9910246133804321,post,Sam_Fan_Goc,199,1738152000,,19397,385,,"AI dạo này code ghê quá, sinh viên IT mới ra trường liệu có chết đói?","Máy tính để bàn,Tư vấn cấu hình"
5,voz,Góc nhờ vả: Tư vấn cấu hình 20 củ quay đầu để code và chơi game AAA.,góc nhờ_vả tư_vấn cấu_hình 20 triệu quay đầu để code chơi game aaa,Negative,0,0.7850999236106873,post,Gamer_Ngheo,186,1738328400,,13835,384,,Góc nhờ vả: Tư vấn cấu hình 20 củ quay đầu để code và chơi game AAA.,"Máy tính để bàn,Tư vấn cấu hình"
6,voz,"Intel gen 14 lại dính phốt nhiệt độ, anh em xài rồi cho xin ý kiến thực tế.",intel gen 14 lại dính bê_bối nhiệt_độ anh_em xài rồi xin ý_kiến thực_tế,Negative,0,0.9913801550865173,post,Thanh_Nien_Nghiem_Tuc,192,1737712800,,15908,141,,"Intel gen 14 lại dính phốt nhiệt độ, anh em xài rồi cho xin ý kiến thực tế.","Máy tính để bàn,Tư vấn cấu hình"
7,voz,Bỏ gần 30 củ mua iPhone mới thấy hối hận quá các thím ạ.,bỏ gần 30 triệu mua iphone mới thấy hối_hận quá các thím ạ,Negative,0,0.830118715763092,post,Lang_Khach,170,1737478800,,14377,342,,Bỏ gần 30 củ mua iPhone mới thấy hối hận quá các thím ạ.,"Máy tính để bàn,Tư vấn cấu hình"
8,voz,Thảo luận: Có nên mua card đồ họa trâu cày thời điểm này không?,thảo_luận nên mua card đồ họa trâu cày thời_điểm không,Negative,0,0.981056272983551,post,Gian_Thuong_123,129,1737460800,,1351,479,,Thảo luận: Có nên mua card đồ họa trâu cày thời điểm này không?,"Điện thoại di động,Review"
9,voz,"Review chi tiết con phím cơ Tàu giá rẻ, có thực sự ngon bổ rẻ như lời đồn?",đánh_giá chi_tiết con bàn_phím cơ tàu giá rẻ thực_sự ngon_bổ rẻ như lời đồn,Positive,2,0.682298481464386,post,Pede_Chua,175,1736618400,,17697,445,,"Review chi tiết con phím cơ Tàu giá rẻ, có thực sự ngon bổ rẻ như lời đồn?","Điện thoại di động,Android"
10,voz,"Android 15 cập nhật xong máy nóng ran, pin tụt như tụt quần, cứu em với!",android 15 cập_nhật xong máy nóng ran ghim bài viết tụt như tụt quần_cứu em,Negative,0,0.9863166213035583,post,Pede_Chua,196,1738346400,,1792,481,,"Android 15 cập nhật xong máy nóng ran, pin tụt như tụt quần, cứu em với!","Máy tính để bàn,Phần cứng"
11,voz,"AI dạo này code ghê quá, sinh viên IT mới ra trường liệu có chết đói?",ai dạo code ghê quá sinh_viên it mới ra trường liệu rất đói,Negative,0,0.9910246133804321,post,Sam_Fan_Goc,198,1737795600,,6780,333,,"AI dạo này code ghê quá, sinh viên IT mới ra trường liệu có chết đói?","Máy tính để bàn,Tư vấn cấu hình"
12,voz,"Android 15 cập nhật xong máy nóng ran, pin tụt như tụt quần, cứu em với!",android 15 cập_nhật xong máy nóng ran ghim bài viết tụt như tụt quần_cứu em,Negative,0,0.9863166213035583,post,Dev_Cui_Bap,146,1737025200,,19890,373,,"Android 15 cập nhật xong máy nóng ran, pin tụt như tụt quần, cứu em với!","Máy tính để bàn,Phần cứng"
13,voz,"AI dạo này code ghê quá, sinh viên IT mới ra trường liệu có chết đói?",ai dạo code ghê quá sinh_viên it mới ra trường liệu rất đói,Negative,0,0.9910246133804321,post,Khang_Voz,199,1737140400,,17950,350,,"AI dạo này code ghê quá, sinh viên IT mới ra trường liệu có chết đói?","Điện thoại di động,Android"
14,voz,"Intel gen 14 lại dính phốt nhiệt độ, anh em xài rồi cho xin ý kiến thực tế.",intel gen 14 lại dính bê_bối nhiệt_độ anh_em xài rồi xin ý_kiến thực_tế,Negative,0,0.9913801550865173,post,Lang_Khach,182,1737118800,,17732,438,,"Intel gen 14 lại dính phốt nhiệt độ, anh em xài rồi cho xin ý kiến thực tế.","Trí tuệ nhân tạo,Chatbot"
15,voz,"Review chi tiết con phím cơ Tàu giá rẻ, có thực sự ngon bổ rẻ như lời đồn?",đánh_giá chi_tiết con bàn_phím cơ tàu giá rẻ thực_sự ngon_bổ rẻ như lời đồn,Positive,2,0.682298481464386,post,Gian_Thuong_123,193,1737741600,,8608,449,,"Review chi tiết con phím cơ Tàu giá rẻ, có thực sự ngon bổ rẻ như lời đồn?","Điện thoại di động,iOS"
16,voz,"Review chi tiết con phím cơ Tàu giá rẻ, có thực sự ngon bổ rẻ như lời đồn?",đánh_giá chi_tiết con bàn_phím cơ tàu giá rẻ thực_sự ngon_bổ rẻ như lời đồn,Positive,2,0.682298481464386,post,Gamer_Ngheo,161,1735758000,,11356,42,,"Review chi tiết con phím cơ Tàu giá rẻ, có thực sự ngon bổ rẻ như lời đồn?","Trí tuệ nhân tạo,Công cụ hỗ trợ"
17,voz,"Review chi tiết con phím cơ Tàu giá rẻ, có thực sự ngon bổ rẻ như lời đồn?",đánh_giá chi_tiết con bàn_phím cơ tàu giá rẻ thực_sự ngon_bổ rẻ như lời đồn,Positive,2,0.682298481464386,post,Khang_Voz,139,1736067600,,10245,84,,"Review chi tiết con phím cơ Tàu giá rẻ, có thực sự ngon bổ rẻ như lời đồn?","Máy tính để bàn,Tư vấn cấu hình"
18,voz,Bỏ gần 30 củ mua iPhone mới thấy hối hận quá các thím ạ.,bỏ gần 30 triệu mua iphone mới thấy hối_hận quá các thím ạ,Negative,0,0.830118715763092,post,Apple_Hater,113,1737820800,,1676,153,,Bỏ gần 30 củ mua iPhone mới thấy hối hận quá các thím ạ.,"Máy tính để bàn,Tư vấn cấu hình"
19,voz,"Intel gen 14 lại dính phốt nhiệt độ, anh em xài rồi cho xin ý kiến thực tế.",intel gen 14 lại dính bê_bối nhiệt_độ anh_em xài rồi xin ý_kiến thực_tế,Negative,0,0.9913801550865173,post,Apple_Hater,179,1735848000,,19503,416,,"Intel gen 14 lại dính phốt nhiệt độ, anh em xài rồi cho xin ý kiến thực tế.","Máy tính để bàn,Phần cứng"
20,voz,"AI dạo này code ghê quá, sinh viên IT mới ra trường liệu có chết đói?",ai dạo code ghê quá sinh_viên it mới ra trường liệu rất đói,Negative,0,0.9910246133804321,post,Apple_Hater,198,1738094400,,14529,143,,"AI dạo này code ghê quá, sinh viên IT mới ra trường liệu có chết đói?","Máy tính để bàn,Phần cứng"
21,voz,Thảo luận: Có nên mua card đồ họa trâu cày thời điểm này không?,thảo_luận nên mua card đồ họa trâu cày thời_điểm không,Negative,0,0.981056272983551,post,Sam_Fan_Goc,149,1737964800,,12641,424,,Thảo luận: Có nên mua card đồ họa trâu cày thời điểm này không?,"Máy tính để bàn,Phần cứng"
22,voz,"Android 15 cập nhật xong máy nóng ran, pin tụt như tụt quần, cứu em với!",android 15 cập_nhật xong máy nóng ran ghim bài viết tụt như tụt quần_cứu em,Negative,0,0.9863166213035583,post,Dev_Cui_Bap,136,1735754400,,19278,366,,"Android 15 cập nhật xong máy nóng ran, pin tụt như tụt quần, cứu em với!","Điện thoại di động,iOS"
23,voz,Góc nhờ vả: Tư vấn cấu hình 20 củ quay đầu để code và chơi game AAA.,góc nhờ_vả tư_vấn cấu_hình 20 triệu quay đầu để code chơi game aaa,Negative,0,0.7850999236106873,post,Khang_Voz,163,1735736400,,16087,205,,Góc nhờ vả: Tư vấn cấu hình 20 củ quay đầu để code và chơi game AAA.,"Điện thoại di động,Android"
24,voz,"Intel gen 14 lại dính phốt nhiệt độ, anh em xài rồi cho xin ý kiến thực tế.",intel gen 14 lại dính bê_bối nhiệt_độ anh_em xài rồi xin ý_kiến thực_tế,Negative,0,0.9913801550865173,post,Gian_Thuong_123,148,1737972000,,17311,71,,"Intel gen 14 lại dính phốt nhiệt độ, anh em xài rồi cho xin ý kiến thực tế.","Trí tuệ nhân tạo,Chatbot"
25,voz,"Android 15 cập nhật xong máy nóng ran, pin tụt như tụt quần, cứu em với!",android 15 cập_nhật xong máy nóng ran ghim bài viết tụt như tụt quần_cứu em,Negative,0,0.9863166213035583,post,Dev_Cui_Bap,115,1737126000,,18736,408,,"Android 15 cập nhật xong máy nóng ran, pin tụt như tụt quần, cứu em với!","Máy tính để bàn,Phần cứng"
26,voz,Góc nhờ vả: Tư vấn cấu hình 20 củ quay đầu để code và chơi game AAA.,góc nhờ_vả tư_vấn cấu_hình 20 triệu quay đầu để code chơi game aaa,Negative,0,0.7850999236106873,post,Apple_Hater,136,1736172000,,16410,489,,Góc nhờ vả: Tư vấn cấu hình 20 củ quay đầu để code và chơi game AAA.,"Trí tuệ nhân tạo,Công cụ hỗ trợ"
27,voz,Bỏ gần 30 củ mua iPhone mới thấy hối hận quá các thím ạ.,bỏ gần 30 triệu mua iphone mới thấy hối_hận quá các thím ạ,Negative,0,0.830118715763092,post,Coin_Thu_Gia,199,1736362800,,6586,155,,Bỏ gần 30 củ mua iPhone mới thấy hối hận quá các thím ạ.,"Trí tuệ nhân tạo,Chatbot"
28,voz,Góc nhờ vả: Tư vấn cấu hình 20 củ quay đầu để code và chơi game AAA.,góc nhờ_vả tư_vấn cấu_hình 20 triệu quay đầu để code chơi game aaa,Negative,0,0.7850999236106873,post,Lang_Khach,189,1736841600,,8168,30,,Góc nhờ vả: Tư vấn cấu hình 20 củ quay đầu để code và chơi game AAA.,"Điện thoại di động,Android"
29,voz,Bỏ gần 30 củ mua iPhone mới thấy hối hận quá các thím ạ.,bỏ gần 30 triệu mua iphone mới thấy hối_hận quá các thím ạ,Negative,0,0.830118715763092,post,Apple_Hater,194,1736157600,,17562,186,,Bỏ gần 30 củ mua iPhone mới thấy hối hận quá các thím ạ.,"Điện thoại di động,Review"
30,voz,Bỏ gần 30 củ mua iPhone mới thấy hối hận quá các thím ạ.,bỏ gần 30 triệu mua iphone mới thấy hối_hận quá các thím ạ,Negative,0,0.830118715763092,post,Lang_Khach,102,1738137600,,11999,346,,Bỏ gần 30 củ mua iPhone mới thấy hối hận quá các thím ạ.,"Máy tính để bàn,Tư vấn cấu hình"
31,voz,"Intel gen 14 lại dính phốt nhiệt độ, anh em xài rồi cho xin ý kiến thực tế.",intel gen 14 lại dính bê_bối nhiệt_độ anh_em xài rồi xin ý_kiến thực_tế,Negative,0,0.9913801550865173,post,Khang_Voz,165,1735840800,,18121,242,,"Intel gen 14 lại dính phốt nhiệt độ, anh em xài rồi cho xin ý kiến thực tế.","Máy tính để bàn,Tư vấn cấu hình"
32,voz,Góc nhờ vả: Tư vấn cấu hình 20 củ quay đầu để code và chơi game AAA.,góc nhờ_vả tư_vấn cấu_hình 20 triệu quay đầu để code chơi game aaa,Negative,0,0.7850999236106873,post,Coin_Thu_Gia,166,1737453600,,10092,79,,Góc nhờ vả: Tư vấn cấu hình 20 củ quay đầu để code và chơi game AAA.,"Trí tuệ nhân tạo,Chatbot"
33,voz,Góc nhờ vả: Tư vấn cấu hình 20 củ quay đầu để code và chơi game AAA.,góc nhờ_vả tư_vấn cấu_hình 20 triệu quay đầu để code chơi game aaa,Negative,0,0.7850999236106873,post,Lang_Khach,111,1737399600,,4732,281,,Góc nhờ vả: Tư vấn cấu hình 20 củ quay đầu để code và chơi game AAA.,"Máy tính để bàn,Tư vấn cấu hình"
34,voz,Thảo luận: Có nên mua card đồ họa trâu cày thời điểm này không?,thảo_luận nên mua card đồ họa trâu cày thời_điểm không,Negative,0,0.981056272983551,post,Gamer_Ngheo,189,1735902000,,18174,474,,Thảo luận: Có nên mua card đồ họa trâu cày thời điểm này không?,"Trí tuệ nhân tạo,Công cụ hỗ trợ"
35,voz,Thảo luận: Có nên mua card đồ họa trâu cày thời điểm này không?,thảo_luận nên mua card đồ họa trâu cày thời_điểm không,Negative,0,0.981056272983551,post,Pede_Chua,183,1736262000,,3767,311,,Thảo luận: Có nên mua card đồ họa trâu cày thời điểm này không?,"Điện thoại di động,iOS"
36,voz,Bỏ gần 30 củ mua iPhone mới thấy hối hận quá các thím ạ.,bỏ gần 30 triệu mua iphone mới thấy hối_hận quá các thím ạ,Negative,0,0.830118715763092,post,Sam_Fan_Goc,187,1738051200,,3844,467,,Bỏ gần 30 củ mua iPhone mới thấy hối hận quá các thím ạ.,"Điện thoại di động,Review"
37,voz,Bỏ gần 30 củ mua iPhone mới thấy hối hận quá các thím ạ.,bỏ gần 30 triệu mua iphone mới thấy hối_hận quá các thím ạ,Negative,0,0.830118715763092,post,Pede_Chua,157,1736074800,,12886,111,,Bỏ gần 30 củ mua iPhone mới thấy hối hận quá các thím ạ.,"Điện thoại di động,iOS"
38,voz,"AI dạo này code ghê quá, sinh viên IT mới ra trường liệu có chết đói?",ai dạo code ghê quá sinh_viên it mới ra trường liệu rất đói,Negative,0,0.9910246133804321,post,Pede_Chua,161,1736427600,,17072,491,,"AI dạo này code ghê quá, sinh viên IT mới ra trường liệu có chết đói?","Điện thoại di động,Review"
39,voz,"Review chi tiết con phím cơ Tàu giá rẻ, có thực sự ngon bổ rẻ như lời đồn?",đánh_giá chi_tiết con bàn_phím cơ tàu giá rẻ thực_sự ngon_bổ rẻ như lời đồn,Positive,2,0.682298481464386,post,Khang_Voz,140,1737558000,,8608,22,,"Review chi tiết con phím cơ Tàu giá rẻ, có thực sự ngon bổ rẻ như lời đồn?","Trí tuệ nhân tạo,Chatbot"
40,voz,Bỏ gần 30 củ mua iPhone mới thấy hối hận quá các thím ạ.,bỏ gần 30 triệu mua iphone mới thấy hối_hận quá các thím ạ,Negative,0,0.830118715763092,post,Coin_Thu_Gia,141,1737817200,,18538,396,,Bỏ gần 30 củ mua iPhone mới thấy hối hận quá các thím ạ.,"Điện thoại di động,iOS"
41,voz,"AI dạo này code ghê quá, sinh viên IT mới ra trường liệu có chết đói?",ai dạo code ghê quá sinh_viên it mới ra trường liệu rất đói,Negative,0,0.9910246133804321,post,Apple_Hater,193,1737028800,,14066,428,,"AI dạo này code ghê quá, sinh viên IT mới ra trường liệu có chết đói?","Máy tính để bàn,Tư vấn cấu hình"
42,voz,Thảo luận: Có nên mua card đồ họa trâu cày thời điểm này không?,thảo_luận nên mua card đồ họa trâu cày thời_điểm không,Negative,0,0.981056272983551,post,Dev_Cui_Bap,130,1735891200,,16617,328,,Thảo luận: Có nên mua card đồ họa trâu cày thời điểm này không?,"Máy tính để bàn,Tư vấn cấu hình"
43,voz,Bỏ gần 30 củ mua iPhone mới thấy hối hận quá các thím ạ.,bỏ gần 30 triệu mua iphone mới thấy hối_hận quá các thím ạ,Negative,0,0.830118715763092,post,Pede_Chua,172,1738069200,,6800,282,,Bỏ gần 30 củ mua iPhone mới thấy hối hận quá các thím ạ.,"Trí tuệ nhân tạo,Chatbot"
44,voz,"Intel gen 14 lại dính phốt nhiệt độ, anh em xài rồi cho xin ý kiến thực tế.",intel gen 14 lại dính bê_bối nhiệt_độ anh_em xài rồi xin ý_kiến thực_tế,Negative,0,0.9913801550865173,post,Khang_Voz,157,1738170000,,8147,299,,"Intel gen 14 lại dính phốt nhiệt độ, anh em xài rồi cho xin ý kiến thực tế.","Máy tính để bàn,Tư vấn cấu hình"
45,voz,"Review chi tiết con phím cơ Tàu giá rẻ, có thực sự ngon bổ rẻ như lời đồn?",đánh_giá chi_tiết con bàn_phím cơ tàu giá rẻ thực_sự ngon_bổ rẻ như lời đồn,Positive,2,0.682298481464386,post,Lang_Khach,149,1736276400,,1647,487,,"Review chi tiết con phím cơ Tàu giá rẻ, có thực sự ngon bổ rẻ như lời đồn?","Điện thoại di động,iOS"
46,voz,"Review chi tiết con phím cơ Tàu giá rẻ, có thực sự ngon bổ rẻ như lời đồn?",đánh_giá chi_tiết con bàn_phím cơ tàu giá rẻ thực_sự ngon_bổ rẻ như lời đồn,Positive,2,0.682298481464386,post,Sam_Fan_Goc,154,1736424000,,17765,355,,"Review chi tiết con phím cơ Tàu giá rẻ, có thực sự ngon bổ rẻ như lời đồn?","Điện thoại di động,Android"
47,voz,"Review chi tiết con phím cơ Tàu giá rẻ, có thực sự ngon bổ rẻ như lời đồn?",đánh_giá chi_tiết con bàn_phím cơ tàu giá rẻ thực_sự ngon_bổ rẻ như lời đồn,Positive,2,0.682298481464386,post,Gian_Thuong_123,133,1736161200,,18810,485,,"Review chi tiết con phím cơ Tàu giá rẻ, có thực sự ngon bổ rẻ như lời đồn?","Trí tuệ nhân tạo,Công cụ hỗ trợ"
48,voz,"Intel gen 14 lại dính phốt nhiệt độ, anh em xài rồi cho xin ý kiến thực tế.",intel gen 14 lại dính bê_bối nhiệt_độ anh_em xài rồi xin ý_kiến thực_tế,Negative,0,0.9913801550865173,post,Gian_Thuong_123,131,1736787600,,8798,240,,"Intel gen 14 lại dính phốt nhiệt độ, anh em xài rồi cho xin ý kiến thực tế.","Trí tuệ nhân tạo,Chatbot"
49,voz,Góc nhờ vả: Tư vấn cấu hình 20 củ quay đầu để code và chơi game AAA.,góc nhờ_vả tư_vấn cấu_hình 20 triệu quay đầu để code chơi game aaa,Negative,0,0.7850999236106873,post,Lang_Khach,106,1736074800,,19562,466,,Góc nhờ vả: Tư vấn cấu hình 20 củ quay đầu để code và chơi game AAA.,"Trí tuệ nhân tạo,Chatbot"
50,voz,Thảo luận: Có nên mua card đồ họa trâu cày thời điểm này không?,thảo_luận nên mua card đồ họa trâu cày thời_điểm không,Negative,0,0.981056272983551,post,Gian_Thuong_123,108,1737712800,,16399,232,,Thảo luận: Có nên mua card đồ họa trâu cày thời điểm này không?,"Điện thoại di động,Android"
