id_post,title,time_post,replies_post,views_post,id_author,author_name,category,subcategory
1185014,đánh giá Review nhanh trên tay Vivo X300 chính hãng,"Dec 17, 2025","Replies
21","Views
8,298",2159356,vin-phan,Sản phẩm công nghệ,Android
1185014,đánh giá Review nhanh trên tay Vivo X300 chính hãng,"Dec 17, 2025","Replies
21","Views
8,298",2159356,vin-phan,Sản phẩm công nghệ,Android
1191648,đánh giá Review máy rửa bát LG Quadwash TrueSteam màu đen LDT14BLA4 mua trên shopee giá hơn 13 triệu.,"Jan 3, 2026","Replies
66","Views
10,053",1241852,INTEL_NO1,Sản phẩm công nghệ,Đồ điện tử & Thiết bị gia dụng
1191648,đánh giá Review máy rửa bát LG Quadwash TrueSteam màu đen LDT14BLA4 mua trên shopee giá hơn 13 triệu.,"Jan 3, 2026","Replies
66","Views
10,053",1241852,INTEL_NO1,Sản phẩm công nghệ,Đồ điện tử & Thiết bị gia dụng
1191648,đánh giá Review máy rửa bát LG Quadwash TrueSteam màu đen LDT14BLA4 mua trên shopee giá hơn 13 triệu.,"Jan 3, 2026","Replies
66","Views
10,053",1241852,INTEL_NO1,Sản phẩm công nghệ,Đồ điện tử & Thiết bị gia dụng
1191648,đánh giá Review máy rửa bát LG Quadwash TrueSteam màu đen LDT14BLA4 mua trên shopee giá hơn 13 triệu.,"Jan 3, 2026","Replies
66","Views
10,053",1241852,INTEL_NO1,Sản phẩm công nghệ,Đồ điện tử & Thiết bị gia dụng
1192364,"đánh giá Camera Oppo Find X9 Pro, iPhone 17 Promax","Jan 5, 2026","Replies
27","Views
6,599",90574,Ghosthammer,Sản phẩm công nghệ,Android
1192364,"đánh giá Camera Oppo Find X9 Pro, iPhone 17 Promax","Jan 5, 2026","Replies
27","Views
6,599",90574,Ghosthammer,Sản phẩm công nghệ,Android
1193698,đánh giá Lenovo Xiaoxin Air14 sau 5 năm cày cuốc,"Jan 8, 2026","Replies
33","Views
7,724",1716614,Ddhuans,Máy tính,Máy tính xách tay
1193698,đánh giá Lenovo Xiaoxin Air14 sau 5 năm cày cuốc,"Jan 8, 2026","Replies
33","Views
7,724",1716614,Ddhuans,Máy tính,Máy tính xách tay
1190037,đánh giá Cảnh báo ace đang dùng ổ cắm chuyển đổi dạng như Sopoka,"Dec 30, 2025","Replies
70","Views
8,254",166595,mr.h30,Sản phẩm công nghệ,Đồ điện tử & Thiết bị gia dụng
1190037,đánh giá Cảnh báo ace đang dùng ổ cắm chuyển đổi dạng như Sopoka,"Dec 30, 2025","Replies
70","Views
8,254",166595,mr.h30,Sản phẩm công nghệ,Đồ điện tử & Thiết bị gia dụng
1190037,đánh giá Cảnh báo ace đang dùng ổ cắm chuyển đổi dạng như Sopoka,"Dec 30, 2025","Replies
70","Views
8,254",166595,mr.h30,Sản phẩm công nghệ,Đồ điện tử & Thiết bị gia dụng
1190037,đánh giá Cảnh báo ace đang dùng ổ cắm chuyển đổi dạng như Sopoka,"Dec 30, 2025","Replies
70","Views
8,254",166595,mr.h30,Sản phẩm công nghệ,Đồ điện tử & Thiết bị gia dụng
1190084,đánh giá Top 3 bộ Office - Công cụ văn phòng cho Linux,"Dec 30, 2025","Replies
17","Views
5,688",1907480,anhtu.tatu,Phần mềm & Games,Phần mềm
1182316,đánh giá Review lắp hệ thống năng lượng mặt trời cho nhà xài 1.5 - 2 củ tiền điện cho anh em tham khảo,"Dec 12, 2025","Replies
62","Views
10,424",1973116,vozerbaobaoso1,Sản phẩm công nghệ,Đồ điện tử & Thiết bị gia dụng
1182316,đánh giá Review lắp hệ thống năng lượng mặt trời cho nhà xài 1.5 - 2 củ tiền điện cho anh em tham khảo,"Dec 12, 2025","Replies
62","Views
10,424",1973116,vozerbaobaoso1,Sản phẩm công nghệ,Đồ điện tử & Thiết bị gia dụng
1182316,đánh giá Review lắp hệ thống năng lượng mặt trời cho nhà xài 1.5 - 2 củ tiền điện cho anh em tham khảo,"Dec 12, 2025","Replies
62","Views
10,424",1973116,vozerbaobaoso1,Sản phẩm công nghệ,Đồ điện tử & Thiết bị gia dụng
1182316,đánh giá Review lắp hệ thống năng lượng mặt trời cho nhà xài 1.5 - 2 củ tiền điện cho anh em tham khảo,"Dec 12, 2025","Replies
62","Views
10,424",1973116,vozerbaobaoso1,Sản phẩm công nghệ,Đồ điện tử & Thiết bị gia dụng
1196880,đánh giá Robot hút bụi Narwal Flow - con robot underated nhất,"Jan 14, 2026","Replies
44","Views
7,044",2165323,charger23,Sản phẩm công nghệ,Đồ điện tử & Thiết bị gia dụng
1196880,đánh giá Robot hút bụi Narwal Flow - con robot underated nhất,"Jan 14, 2026","Replies
44","Views
7,044",2165323,charger23,Sản phẩm công nghệ,Đồ điện tử & Thiết bị gia dụng
1196880,đánh giá Robot hút bụi Narwal Flow - con robot underated nhất,"Jan 14, 2026","Replies
44","Views
7,044",2165323,charger23,Sản phẩm công nghệ,Đồ điện tử & Thiết bị gia dụng
1197366,đánh giá Honor 400 nội địa,"Jan 15, 2026","Replies
32","Views
5,711",1685523,chimlongamtoi,Sản phẩm công nghệ,Android
1197366,đánh giá Honor 400 nội địa,"Jan 15, 2026","Replies
32","Views
5,711",1685523,chimlongamtoi,Sản phẩm công nghệ,Android
1187836,đánh giá Review chiếc iPhone 16e - Top #1 ế và tranh cãi,"Dec 24, 2025","Replies
325","Views
47,619",2170736,Lục Mạch-Thần Kiếm,Sản phẩm công nghệ,Apple
1187836,đánh giá Review chiếc iPhone 16e - Top #1 ế và tranh cãi,"Dec 24, 2025","Replies
325","Views
47,619",2170736,Lục Mạch-Thần Kiếm,Sản phẩm công nghệ,Apple
1187836,đánh giá Review chiếc iPhone 16e - Top #1 ế và tranh cãi,"Dec 24, 2025","Replies
325","Views
47,619",2170736,Lục Mạch-Thần Kiếm,Sản phẩm công nghệ,Apple
1187836,đánh giá Review chiếc iPhone 16e - Top #1 ế và tranh cãi,"Dec 24, 2025","Replies
325","Views
47,619",2170736,Lục Mạch-Thần Kiếm,Sản phẩm công nghệ,Apple
1187836,đánh giá Review chiếc iPhone 16e - Top #1 ế và tranh cãi,"Dec 24, 2025","Replies
325","Views
47,619",2170736,Lục Mạch-Thần Kiếm,Sản phẩm công nghệ,Apple
1187836,đánh giá Review chiếc iPhone 16e - Top #1 ế và tranh cãi,"Dec 24, 2025","Replies
325","Views
47,619",2170736,Lục Mạch-Thần Kiếm,Sản phẩm công nghệ,Apple
1187836,đánh giá Review chiếc iPhone 16e - Top #1 ế và tranh cãi,"Dec 24, 2025","Replies
325","Views
47,619",2170736,Lục Mạch-Thần Kiếm,Sản phẩm công nghệ,Apple
1187836,đánh giá Review chiếc iPhone 16e - Top #1 ế và tranh cãi,"Dec 24, 2025","Replies
325","Views
47,619",2170736,Lục Mạch-Thần Kiếm,Sản phẩm công nghệ,Apple
1187836,đánh giá Review chiếc iPhone 16e - Top #1 ế và tranh cãi,"Dec 24, 2025","Replies
325","Views
47,619",2170736,Lục Mạch-Thần Kiếm,Sản phẩm công nghệ,Apple
1187836,đánh giá Review chiếc iPhone 16e - Top #1 ế và tranh cãi,"Dec 24, 2025","Replies
325","Views
47,619",2170736,Lục Mạch-Thần Kiếm,Sản phẩm công nghệ,Apple
1187836,đánh giá Review chiếc iPhone 16e - Top #1 ế và tranh cãi,"Dec 24, 2025","Replies
325","Views
47,619",2170736,Lục Mạch-Thần Kiếm,Sản phẩm công nghệ,Apple
1187836,đánh giá Review chiếc iPhone 16e - Top #1 ế và tranh cãi,"Dec 24, 2025","Replies
325","Views
47,619",2170736,Lục Mạch-Thần Kiếm,Sản phẩm công nghệ,Apple
1187836,đánh giá Review chiếc iPhone 16e - Top #1 ế và tranh cãi,"Dec 24, 2025","Replies
325","Views
47,619",2170736,Lục Mạch-Thần Kiếm,Sản phẩm công nghệ,Apple
1187836,đánh giá Review chiếc iPhone 16e - Top #1 ế và tranh cãi,"Dec 24, 2025","Replies
325","Views
47,619",2170736,Lục Mạch-Thần Kiếm,Sản phẩm công nghệ,Apple
1187836,đánh giá Review chiếc iPhone 16e - Top #1 ế và tranh cãi,"Dec 24, 2025","Replies
325","Views
47,633",2170736,Lục Mạch-Thần Kiếm,Sản phẩm công nghệ,Apple
1187836,đánh giá Review chiếc iPhone 16e - Top #1 ế và tranh cãi,"Dec 24, 2025","Replies
325","Views
47,633",2170736,Lục Mạch-Thần Kiếm,Sản phẩm công nghệ,Apple
1187836,đánh giá Review chiếc iPhone 16e - Top #1 ế và tranh cãi,"Dec 24, 2025","Replies
325","Views
47,633",2170736,Lục Mạch-Thần Kiếm,Sản phẩm công nghệ,Apple
1182981,đánh giá Máy lạnh TCL TEP-13CSD/F1I 1.5HP,"Dec 13, 2025","Replies
104","Views
8,753",1432382,Jaeho Kouki,Sản phẩm công nghệ,Đồ điện tử & Thiết bị gia dụng
1182981,đánh giá Máy lạnh TCL TEP-13CSD/F1I 1.5HP,"Dec 13, 2025","Replies
104","Views
8,753",1432382,Jaeho Kouki,Sản phẩm công nghệ,Đồ điện tử & Thiết bị gia dụng
1182981,đánh giá Máy lạnh TCL TEP-13CSD/F1I 1.5HP,"Dec 13, 2025","Replies
104","Views
8,753",1432382,Jaeho Kouki,Sản phẩm công nghệ,Đồ điện tử & Thiết bị gia dụng
1182981,đánh giá Máy lạnh TCL TEP-13CSD/F1I 1.5HP,"Dec 13, 2025","Replies
104","Views
8,753",1432382,Jaeho Kouki,Sản phẩm công nghệ,Đồ điện tử & Thiết bị gia dụng
1182981,đánh giá Máy lạnh TCL TEP-13CSD/F1I 1.5HP,"Dec 13, 2025","Replies
104","Views
8,753",1432382,Jaeho Kouki,Sản phẩm công nghệ,Đồ điện tử & Thiết bị gia dụng
1182981,đánh giá Máy lạnh TCL TEP-13CSD/F1I 1.5HP,"Dec 13, 2025","Replies
104","Views
8,753",1432382,Jaeho Kouki,Sản phẩm công nghệ,Đồ điện tử & Thiết bị gia dụng
1187105,đánh giá So sánh trải nghiệm Find x9 Pro và X300 Pro,"Dec 22, 2025","Replies
33","Views
10,867",1838329,Privacy_Terms,Sản phẩm công nghệ,Android
1187105,đánh giá So sánh trải nghiệm Find x9 Pro và X300 Pro,"Dec 22, 2025","Replies
33","Views
10,867",1838329,Privacy_Terms,Sản phẩm công nghệ,Android
1190832,đánh giá Review màn hình KTC H24T7 (vs AOC Q27G11E/74),"Jan 1, 2026","Replies
75","Views
13,461",1995972,dzungvu99,Máy tính,GPU & Màn hình
1190832,đánh giá Review màn hình KTC H24T7 (vs AOC Q27G11E/74),"Jan 1, 2026","Replies
75","Views
13,461",1995972,dzungvu99,Máy tính,GPU & Màn hình
1190832,đánh giá Review màn hình KTC H24T7 (vs AOC Q27G11E/74),"Jan 1, 2026","Replies
75","Views
13,461",1995972,dzungvu99,Máy tính,GPU & Màn hình
1190832,đánh giá Review màn hình KTC H24T7 (vs AOC Q27G11E/74),"Jan 1, 2026","Replies
75","Views
13,461",1995972,dzungvu99,Máy tính,GPU & Màn hình
1188149,đánh giá Đánh giá nồi cơm điện cao tần Zojirushi NP-ZU18-TD 1.8L nội địa Nhật,"Dec 25, 2025","Replies
72","Views
5,037",2174461,luuthuyvotinh,Sản phẩm công nghệ,Đồ điện tử & Thiết bị gia dụng
1188149,đánh giá Đánh giá nồi cơm điện cao tần Zojirushi NP-ZU18-TD 1.8L nội địa Nhật,"Dec 25, 2025","Replies
72","Views
5,037",2174461,luuthuyvotinh,Sản phẩm công nghệ,Đồ điện tử & Thiết bị gia dụng
1188149,đánh giá Đánh giá nồi cơm điện cao tần Zojirushi NP-ZU18-TD 1.8L nội địa Nhật,"Dec 25, 2025","Replies
72","Views
5,037",2174461,luuthuyvotinh,Sản phẩm công nghệ,Đồ điện tử & Thiết bị gia dụng
1188149,đánh giá Đánh giá nồi cơm điện cao tần Zojirushi NP-ZU18-TD 1.8L nội địa Nhật,"Dec 25, 2025","Replies
72","Views
5,037",2174461,luuthuyvotinh,Sản phẩm công nghệ,Đồ điện tử & Thiết bị gia dụng
1187872,đánh giá R9 7845HX mang lên PC trên main TOPC YUNIKI FL1 HX ITX D5,"Dec 24, 2025","Replies
161","Views
20,709",1758213,vinhlt25,Máy tính,AMD
1187872,đánh giá R9 7845HX mang lên PC trên main TOPC YUNIKI FL1 HX ITX D5,"Dec 24, 2025","Replies
161","Views
20,709",1758213,vinhlt25,Máy tính,AMD
1187872,đánh giá R9 7845HX mang lên PC trên main TOPC YUNIKI FL1 HX ITX D5,"Dec 24, 2025","Replies
161","Views
20,709",1758213,vinhlt25,Máy tính,AMD
1187872,đánh giá R9 7845HX mang lên PC trên main TOPC YUNIKI FL1 HX ITX D5,"Dec 24, 2025","Replies
161","Views
20,709",1758213,vinhlt25,Máy tính,AMD
1187872,đánh giá R9 7845HX mang lên PC trên main TOPC YUNIKI FL1 HX ITX D5,"Dec 24, 2025","Replies
161","Views
20,709",1758213,vinhlt25,Máy tính,AMD
1187872,đánh giá R9 7845HX mang lên PC trên main TOPC YUNIKI FL1 HX ITX D5,"Dec 24, 2025","Replies
161","Views
20,709",1758213,vinhlt25,Máy tính,AMD
1187872,đánh giá R9 7845HX mang lên PC trên main TOPC YUNIKI FL1 HX ITX D5,"Dec 24, 2025","Replies
161","Views
20,709",1758213,vinhlt25,Máy tính,AMD
1187872,đánh giá R9 7845HX mang lên PC trên main TOPC YUNIKI FL1 HX ITX D5,"Dec 24, 2025","Replies
161","Views
20,709",1758213,vinhlt25,Máy tính,AMD
1187872,đánh giá R9 7845HX mang lên PC trên main TOPC YUNIKI FL1 HX ITX D5,"Dec 24, 2025","Replies
161","Views
20,709",1758213,vinhlt25,Máy tính,AMD
